translated_messages,label
"""on ur 6"". ""thx for cover"". ""lol gg"". ""ammo here"". ""team up?"". ""nice shot!"". ""let's party""",1
"""noob camper"". ""ur slow"". ""game sux"". ""like I care"". ""ur trash"". ""ur lucky"". ""nah, scrub""",0
"""follow me"". ""ok np"". ""u ok?"". ""we good"". ""help here!"". ""coming!"". ""gg guys"". ""good try"". ""incoming!"". ""regroup pls"". ""nice shot!"". ""team up?""",1
"""noob move"". ""trash team"". ""ez win"". ""1v1 ez"". ""noobs"". ""u suck"". ""they suck"". ""fluke"". ""nah""",0
"""dont camp!"". ""omg stfu"". ""trash team"". ""noob playr"". ""😂 stay mad""",0
"""come fight!"". ""u mad?"". ""help urself"". ""git gud"". ""keep cryin""",1
"""ez bot"". ""stfu trash"". ""aim bot??"". ""git rekt"". ""u lost"". ""no skill"". ""toxic much?"". ""bruh aim"". ""stop trying"". ""gg ez"". ""camp harder""",0
"""lol noob"". ""lmao git gud"". ""ur just bad"". ""haha noob"". ""cuz hacks"". ""u mad?"". ""cry more"". ""just luck"". ""ur dead"". ""luck only"". ""lol okay""",0
"""ur bad"". ""no u"". ""useless"". ""horrible aim"". ""get gud"". ""feed kills"". ""bots"". ""u trash""",0
"""gay team"". ""noob"". ""like trash"". ""joke player"". ""learn game"". ""gay strat"". ""haha dead"". ""srsly noob""",0
"""noob lol"". ""ez win lmao"". ""u suck"". ""haha pleb"". ""nice aim!"". ""get gud lol"". ""bad play!"". ""full send lmao"". ""lol trash"". ""nice try 😂"". ""haha missed"". ""try harder lmao""",0
"""u mad?"". ""ok bot"". ""ok try"". ""play better"". ""thx nub"". ""ok scrub"". ""ok nerd"". ""gg ez"". ""k bot"". ""ok whatevs"". ""u wish"". ""ok noob""",1
"""need help?"". ""ok np"". ""gj team"". ""gg wp"". ""cover me"". ""lol thx"". ""n1 shot"". ""ok lol"". ""here ammo"". ""kk np"". ""push left"". ""lol kk""",1
"""dont care"". ""u trash"". ""lol trash"". ""whatever"". ""git gud"". ""lmao noob"". ""dont think so"". ""u mad?"". ""dont need"". ""noob behavior"". ""nah trash"". ""go cry""",0
"""need help?"". ""ok np"". ""glhf :)"". ""nice try"". ""we got this"". ""im covering"". ""can i help"". ""sry about that"". ""please regroup""",1
"""play better"". ""ez 4 me"". ""team bad"". ""just die"". ""stop play"". ""so bad""",0
"""Ur trash"". ""Team sux"". ""Ur gay"". ""Useless team"". ""Pathetic"". ""U rly bad"". ""Team is gay"". ""Trash aim"". ""Rage quit?"". ""U suck""",0
"""Lol, dead"". ""Lmao, git gud"". ""XD, cry more"". ""Rage harder"". ""GG noobs"". ""XD ur joke"". ""Lmao, dude"". ""Nice try"". ""Try harder"". ""EZ win""",0
"""camper trash"". ""bot"". ""quit game"". ""u mad?"". ""ez kill"". ""nah, ur bad"". ""stop campin"". ""pathetic"". ""leaderboard plz""",0
"""ur ass"". ""lmao noob"". ""uninstall kid"". ""trash team"". ""lucky shot"". ""cry more"". ""git gud"". ""ur all talk"". ""lmao, bot""",0
"""ez win"". ""u bad"". ""stop camping"". ""l2play"". ""ez kill"". ""no skill"". ""quit game""",0
"""noob team"". ""ur trash"". ""git gud"". ""bot"". ""u mad"". ""run away"". ""gg noob""",0
"""got ur back"". ""need help?"". ""ty for cover"". ""guy, relax"". ""we got this"". ""keep trying""",1
"""lol bad"". ""nah"". ""ur too slow"". ""lmao noob"". ""lose bad"". ""ur joke""",0
"""Need help?"". ""Stay close."". ""Revive me!"". ""Play defense."". ""Flank right."". ""Cover me."". ""Ammo here."". ""Great job!"". ""Push now!"". ""Almost there."". ""Grenades out!"". ""Keep going!"". ""Team wins.""",1
"""Noob!"". ""Useless!"". ""Git gud!"". ""Why bother?"". ""Stupid plan!"". ""Can't aim!"". ""Don't care!"". ""Lame win!"". ""Suckers!"". ""You trash!"". ""Quit throwing!"". ""Waste time!"". ""Just luck!""",1
"""need backup"". ""just hold tight"". ""follow me"". ""gg guys"". ""keep going""",1
"""ur useless"". ""lol, noob"". ""our team sux"". ""ur kidding, right?"". ""pointless""",0
"""noob team"". ""ez kills"". ""xd get gud"". ""camp more"". ""trash game"". ""uninstall noob"". ""luck shot"". ""reported xD"". ""easy claps"". ""gg ez"". ""bad team""",0
"""lol u mad"". ""gg bot"". ""u suck"". ""cry moar"". ""git rekt"". ""still lost lol"". ""sure kid"". ""who cares?"". ""carried ya"". ""salty much?"". ""u tried""",1
"""Ugh, gay team"". ""Can't play"". ""Shut up"". ""U ass"". ""Lose much?"". ""Gay moves"". ""Team sucks""",0
"""Ok, noob"". ""Revive me!"". ""Come fight"". ""Ok w/e"". ""Git gud"". ""Ok, noob"". ""Come @ me""",1
"""git gud"". ""ez ass"". ""trash lol"". ""u ded"". ""get rekt"". ""sme rnd"". ""nublet"". ""ur bad""",0
"""lmao bot"". ""noob xd"". ""cry moar"". ""gg ez"". ""ur a bot"". ""u mad?"". ""haha ez"". ""lol trash""",0
"""noob team"". ""ass aim"". ""useless noob"". ""aimless bots"". ""noob fest"". ""team sucks"". ""try harder"". ""noob city"". ""can't aim"". ""get good"". ""ass game""",0
"""bot squad"". ""lmao trash"". ""bot behavior"". ""laughable skill"". ""bot party"". ""clueless team"". ""bot backup"". ""lmao weak"". ""trash effort"". ""zero skill""",0
"""u a bot"". ""stop campn"". ""ur ass"". ""ez clap"". ""git gud""",0
"""ur loss"". ""join lobb?"". ""1v1, noob"". ""tryhard much?""",1
"""u suck"". ""team ass"". ""noob alert"". ""ass team"". ""no aim"". ""ass player"". ""team trash"". ""noob squad"". ""lagging ass"". ""useless team""",0
"""ok noob"". ""ok boomer"". ""ok thanks"". ""whatever loser"". ""ok blind"". ""ok thanks"". ""sure thing"". ""ok genius"". ""ok blame"". ""ok clown""",1
"""need help?"". ""ok np"". ""try left"". ""thx :)"". ""gg next"". ""got ur 6"". ""let's go"". ""good try"". ""cover L"". ""thx bro"". ""gg anyway""",1
"""noob move"". ""come on!!"". ""ugh chill"". ""respawn plz"". ""useless cuff"". ""come on!"". ""pfft seriously"". ""stop!"". ""MVP here""",1
"""Go, team!"". ""Need help?"". ""Sorry, lag!"". ""GG, everyone"". ""Nice strat ;)"". ""Teamwork rocks"". ""Need ammo?"". ""Great shot!"". ""Stay together"". ""Flank left"". ""Covering you"". ""My bad"". ""Reviving you!"". ""Sniper, careful!"". ""Let's regroup"". ""Good save!"". ""Watch the corner"". ""We're winning :)"". ""Right behind u"". ""Go, go, go!"". ""We did it!""",1
"""Noobz everywhere"". ""Learn2play"". ""Excuses, excuses"". ""ez win"". ""Luckyyy"". ""Yeah, right"". ""Nah, I'm god"". ""You're welcome"". ""Why bother"". ""Ugh, fine"". ""Like, do better"". ""Doesn't matter"". ""Finally, n00b"". ""That's it?"". ""No thx"". ""Killed it, duh"". ""Do I have 2?"". ""Obviously"". ""Slowpoke"". ""Or nah"". ""Whatever""",0
"""ez kill"". ""lol ass"". ""gg camp"". ""luck much"". ""u suckkk"". ""camperrr"". ""weak ass"". ""git rekt"". ""cliched"". ""u trash"". ""tryhard""",0
"""noob alert"". ""so gay"". ""like try?"". ""git gud"". ""like p1?"". ""lmaoo"". ""noob play"". ""feels gay"". ""like u"". ""what's new"". ""dial it""",0
"""wait up"". ""come here"". ""guy behind"". ""help plz"". ""u got this"". ""need ammo""",1
"""noob fast"". ""git good"". ""gg ur dead"". ""nah noobs"". ""jus go"". ""gg have fun""",1
"""noob team"". ""u trash"". ""team sux"". ""lol gg"". ""uninstall""",0
"""ass aim"". ""git gud"". ""like u?"". ""git gone"". ""keep cryin""",0
"""Need help?"". ""Join me?"". ""Good play!"". ""Follow me!"". ""Nice shot!"". ""Heal please!"". ""u ok?"". ""Cover me!"". ""Come back!"". ""Let's win!"". ""Take point!"". ""gg, team!"". ""Play safe!"". ""Team up?""",1
"""Nah, camping."". ""lmao, noob."". ""xd, tryhard."". ""pfft, whatever."". ""luck, noob."". ""rofl, nah."". ""meh, u suck."". ""stop whining."". ""nah, busy camping."". ""dream on."". ""nope, lazy."". ""lol, losers."". ""boring, dude."". ""rather not.""",0
"""ez noob"". ""ur trash"". ""camping loser"". ""too ez"". ""get rekt"". ""trash team"". ""lol no skill"". ""uninstall plez"". ""all luck"". ""GG ez""",0
"""lol git gud"". ""revive me"". ""play smrt"". ""lol nice try"". ""pld like bot"". ""same 2 u"". ""ur aim?"". ""u first"". ""no $$$ 4 skills?"". ""not even close""",1
"""noob lol"". ""git gud xd"". ""nice aim lol"". ""like really?"". ""keep camping"". ""like u do xd"". ""weak play lol"". ""cry more""",0
"""stay bad"". ""respawn more"". ""ur trash"". ""respawn n die"". ""lol get skill"". ""stay mad"". ""git lost"". ""respawn again""",1
"""lol camper"". ""xd noob"". ""lmao trash"". ""camp much"". ""lol cute"". ""skill issues"". ""camper lol"". ""omg lmao"". ""learn map"". ""noob xd"". ""laughable"". ""see u"". ""gg campers"". ""such pros"". ""sure lol""",0
"""play better"". ""git gud"". ""git a plan"". ""you suck"". ""try move"". ""dude pls"". ""skilled guy"". ""tryhard"". ""sure dude"". ""need practice""",1
"""Need ammo?"". ""Right here, bro."". ""We got this."". ""Cover me."". ""Coming, guys."". ""We’ll win."". ""Nice shot!"". ""Good try."". ""Teamwork, bro."". ""Flank left."". ""I got meds."". ""Hang tight."". ""Behind you!"". ""Be careful."". ""I’m here.""",1
"""Noob."". ""Shut up."". ""You're trash."". ""Not needed."". ""You suck."". ""Whatever, gay."". ""Useless."". ""Dumbass."". ""Stfu."". ""Dumb.""",0
"""u ass!"". ""this team sux"". ""play better"". ""u r useless"". ""team of noobs!"". ""try again"". ""pfft loser"". ""oh pls"". ""stop dyin"". ""seriousy???"". ""play the obj!""",0
"""lol u mad?"". ""ur trash"". ""stop camping"". ""ur aim bad"". ""ez fragz"". ""git gud"". ""u weak"". ""nah, u"". ""ur probs"". ""rage more"". ""it's ur prob""",0
"""Need cover"". ""Ok team"". ""Join me"". ""Ammo here"". ""Help pls"". ""UAV up"". ""Watch back"". ""Take point"". ""We got this"". ""Stick together"". ""Careful mine"". ""Flank left"". ""Heal up"". ""Good shot"". ""Hold line"". ""Need backup"". ""Lead on""",1
"""Just die"". ""gg noobs"". ""useless spot"". ""gg lame"". ""git gud"". ""gg trash"". ""sniper suck"". ""gg ez"". ""lol noobs"". ""gg dumb"". ""gg blind"". ""gg sheep"". ""lol weak"". ""gg lucky"". ""gg fail"". ""gg just die"". ""gg pathetic""",1
"""Need help?"". ""Guys, flank now."". ""Yes, nice shot!"". ""Got ur 6."". ""Need a rez?"". ""Good job :)"". ""Watch out!"". ""Reloading... cover me!""",1
"""Lol, noob."". ""Stop camping!"". ""Play better."". ""Lame, stop."". ""noob play"". ""lol, lucky"". ""No skill."". ""Stop playing.""",0
"""comin'"". ""ok, cover"". ""sniper, watch!"". ""u need hp?"". ""got u"". ""nade, left"". ""ok, regroup"". ""push now"". ""stay calm""",1
"""noob!"". ""u dead?"". ""idc, loser"". ""blah blah"". ""get lost"". ""noob team!"". ""gg noob"". ""ur bad"". ""cry more""",0
"""Need help?"". ""Sniper cover?"". ""GG team!"". ""Want assist?"". ""Careful, trap!"". ""Defend base?"". ""Sniper ahead"". ""Need backup?""",1
"""lol noob"". ""just play"". ""ur bad"". ""just stop"". ""whatever, dude"". ""just leave"". ""lol sure"". ""nah, just wait""",1
"""lol bad"". ""trash playr"". ""no skilll"". ""omgg team"". ""u tryhard"". ""git better""",0
"""noob team"". ""xd gitgud"". ""ez win"". ""rekt u"". ""cry more xd"". ""lol kid""",0
"""u ok?"". ""need ammo?"". ""nice move!"". ""let's play"". ""gg all"". ""i got u"". ""heal up!"". ""lol gg"". ""cover u"". ""ok regroup""",1
"""get lost"". ""ur trash"". ""lol noob"". ""piss off"". ""ass game"". ""xd loser"". ""shut up"". ""u suk"". ""move ass"". ""dumb plan""",0
"""need backup"". ""ok move"". ""party invite?"". ""need ammo"". ""ok reviving"". ""need cover"". ""nice try"". ""we got this""",1
"""gg noob"". ""plz die"". ""noob alert"". ""too bad"". ""waste of time"". ""lol u wish"". ""ty loser"". ""gg not""",1
"""Need help?"". ""Go team!"". ""Safe here"". ""Thanks bro"". ""Need ammo?"". ""Guy left"". ""Nice shot!"". ""We won!"". ""Covering you"". ""On ur six"". ""GG team"". ""Try again?""",1
"""stfu noob"". ""follow dumbass"". ""lol camper"". ""git gud"". ""u suck"". ""idc"". ""hacks!"". ""u r trash"". ""useless"". ""whatever"". ""lame"". ""no googi""",1
"""Stay safe"". ""Got your six"". ""Come on"". ""Need help?"". ""Good job!""",1
"""lol noob"". ""ur ass"". ""nahh noob"". ""too ez"". ""lol trash""",0
"""ez noob"". ""trash ass"". ""git gud"". ""keep cryin"". ""no chance"". ""ur trash"". ""ass player"". ""get real"". ""boring game"". ""skillless""",0
"""lol u suk"". ""gay team"". ""ur bad"". ""ez clap"". ""sit down"". ""ez win"". ""lol gg"". ""stay mad"". ""u wish"". ""cant relate""",0
"""ez win"". ""ur bad"". ""get good"". ""so bad"". ""trash team"". ""ez life"". ""try harder"". ""bad play"". ""lol trash"". ""wow bad"". ""can't aim"". ""just quit"". ""ez clap"". ""0 skill"". ""so trash""",0
"""lol trash"". ""gg noob"". ""sniper op"". ""lol gitgud"". ""gg lol"". ""gg ez"". ""lol k"". ""lol u mad"". ""gg scrub"". ""easy game"". ""sniper god"". ""lol nkidz"". ""gg ez"". ""gg noob"". ""lol gitgud""",1
"""cme on!"". ""camping ass"". ""xddd"". ""cheap shot"". ""BS!"". ""xDD"". ""rll?!!"". ""lame ass"". ""noob camper""",0
"""gg loser"". ""just git gud"". ""ur mad"". ""just skill"". ""cry more"". ""ez win"". ""gg ez"". ""come fight"". ""just try""",1
"""Need help?"". ""Go mid"". ""Enemy near"". ""Cover u"". ""come left"". ""got ur 6"". ""heal u"". ""move up""",1
"""ur ass"". ""stfu"". ""ur bad"". ""lol noob"". ""u suck"". ""idc"". ""dumb ass"". ""wtf man""",0
"""git gud"". ""xd trash"". ""team sux"". ""LOL fail"". ""xd scrub"". ""team lost"". ""ez win"". ""lol git"". ""xd team"". ""weak af"". ""lmao bot"". ""xd lol"". ""ez pz"". ""solo carry"". ""xd sad"". ""pro here"". ""lmao bad"". ""xd team""",0
"""lmao noob"". ""nice try"". ""gay aim"". ""ur bad"". ""keep tryin"". ""git rekt"". ""fluke"". ""stay mad"". ""trash play"". ""nice camp"". ""aim bad"". ""ur gay"". ""keep dreamin"". ""lucky win"". ""gg noob"". ""sure kid"". ""get good"". ""same old""",0
"""Need help?"". ""Got u."". ""Lol, chill."". ""GG bro."". ""Come on."". ""Can help!""",1
"""Don't ask."". ""Dumbass."". ""Noob team."". ""You're bad."". ""Don't care."". ""Useless help.""",0
"""Need help"". ""Im revving"". ""On ur six"". ""Push together?"". ""Revive pls"". ""Got ur back"". ""Need cover!"". ""Thanks man"". ""Ammo here"". ""Keep focus"". ""Im pinned"". ""Group up?""",1
"""y’all bad"". ""ez noob"". ""camping loser"". ""uggh fine"". ""stop dyin"". ""wateva"". ""git gud"". ""nothin special"". ""cya scrub"". ""u first"". ""handle it"". ""ur bad""",0
"""Watch out"". ""Need backup"". ""Follow me"". ""Ping west"". ""Thx bro"". ""Good job"". ""Ammo here"". ""On my way"". ""Cover you""",1
"""lol noob"". ""come 2 me"". ""help useless"". ""here n00b"". ""whatever dude"". ""lol sure"". ""gimme it"". ""hurry trash"". ""just die""",1
"""Need help?"". ""Nice play!"". ""Got ur back"". ""Join party?"". ""All good?"". ""GG la!"". ""Great shot!"". ""Covering u"". ""u ok?""",1
"""lol noob"". ""haha lucky"". ""whatever"". ""not ur team"". ""u suck"". ""haha trash"". ""fluke"". ""lol fail"". ""mind ur biz""",0
"""u suck"". ""stfu noob"". ""git gud"". ""ur ass"". ""dont camp"". ""trash team"". ""so bad"". ""stfu pleb"". ""ur dead"". ""git rekt"". ""noob mode"". ""ur lost"". ""cant aim"". ""stfu dude"". ""u suck"". ""no skill"". ""ur trash"". ""get out""",0
"""come at me"". ""ok kid"". ""gg, bro"". ""come again"". ""ok camper"". ""gg ez"". ""come fight"". ""gg loser"". ""ok bot"". ""gg noob"". ""ok sweat"". ""gg clown"". ""come back"". ""gg rage"". ""come cry"". ""gg scrub"". ""ok fool"". ""gg quitter""",1
"""lol ur bad"". ""dont camp!"". ""ass move!"". ""git gud!"". ""bad player"". ""ur trash""",0
"""play better, noob"". ""team sux"". ""lrn 2 play"". ""stop whining"". ""tryhard much?"". ""blame urself""",0
"""need help?"". ""gg team"". ""nice shot"". ""cover me!"". ""land here?"". ""all good?"". ""well played"". ""take this"". ""nice try"". ""omw pls"". ""one more?""",1
"""lol noob"". ""ez win"". ""u suck"". ""die already"". ""bad idea"". ""u gay"". ""ez kills"". ""too slow"". ""ur trash"". ""hurry up"". ""no chance""",0
"""Need help?"". ""Ur back safe."". ""Let's push."". ""Cover me."". ""Nice shot!"". ""Flank left."". ""Good play!"". ""Ammo here."". ""Ur kill!"". ""Great team!"". ""Keep it up!"". ""Watch out!"". ""UAV up."". ""Health kit?"". ""Ur doing great!"". ""Sneak around."". ""Hold position."". ""Revive incoming."". ""Play safe."". ""GG, team."". ""Rushing obj!"". ""Ur cover'n!"". ""Regroup, team."". ""Watch skies."". ""We'll win!"". ""Push now!""",1
"""Noob, pls."". ""Who cares, bro?"". ""Got notime."". ""U die."". ""Get lost."". ""Shut up, bro."". ""Stop it."". ""Who asked?"". ""Know that."". ""U wish."". ""Pls, stop."". ""Whatever."". ""No1 cares."". ""Find urself."". ""Just shut up."". ""Bad idea, bro."". ""Stop ordering."". ""Don't bother."". ""Thanks, captain."". ""Wasn't fun."". ""U die again."". ""Got no choice."". ""Over it, bro."". ""Obvious, dude."". ""Dream on."". ""U crazy, bro?""",1
"""u r trash"". ""ass aim"". ""same strat?"". ""bad moves"". ""noobs land""",0
"""git gud"". ""ty 4 d ez win"". ""u wish"". ""stay salty"". ""gg no re""",1
"""haha noob"". ""ur ass"". ""kill urself"". ""same team lol"". ""git gud"". ""ur bad"". ""haha die"". ""lol owned"". ""gg ez"". ""suck it"". ""l2p scrub"". ""u r ass"". ""haha weak"". ""u mad?"". ""easy claps"". ""weak team"". ""nice feed"". ""ur trash"". ""git better"". ""haha scrub""",0
"""revive me"". ""cant join"". ""thx trash"". ""not 4 u"". ""thnks NO"". ""team up?"". ""revive dumb"". ""ty idiot"". ""revive pls"". ""who cares"". ""joking no"". ""lose more"". ""plz join"". ""thx NO"". ""y u here?"". ""git gud"". ""thx afk"". ""not 4 u"". ""revive fool"". ""ty again""",1
"""ur noob"". ""lmao git gud"". ""ez pz"". ""ur bad"". ""ur trash"". ""pfft noob""",0
"""lol trash"". ""xd u wish"". ""xd noob"". ""lol ok"". ""lol wut"". ""xd sure""",0
"""ur bot"". ""git gud"". ""stfu loser"". ""like trash"". ""bot spotted"". ""so bad"". ""no skill""",0
"""lol noob"". ""gay rage"". ""lmao tryhard"". ""u mad?"". ""lol campin"". ""ez win"". ""lol scrub""",0
"""ur bad"". ""git gud"". ""noob team"". ""xd trash"". ""u suck"". ""boring game"". ""stop feeding"". ""nice try"". ""aim bot?"". ""gg trash"". ""much fail"". ""toxic clown"". ""lag excuse""",0
"""lol ok"". ""ty for help"". ""haha ez"". ""pleb move"". ""keep trying"". ""lol true"". ""lol afk"". ""ty loser"". ""jealous much?"". ""camp more"". ""git smithing"". ""ty king"". ""blame ping""",1
"""Sniper top!"". ""Need backup!"". ""Guy on left"". ""I'll cover!"". ""Sniper ahead"". ""Watch out!"". ""Dropped ammo"". ""Need assist"". ""Good job!""",1
"""Play bettr"". ""gg noobs"". ""Pls stop"". ""U suck"". ""Git gud"". ""Quit game"". ""Lame play"". ""U ruin"". ""gg losr""",1
"""la here"". ""sorry"". ""need help?"". ""come bck"". ""stay safe"". ""chill plz"". ""lets win""",1
"""u suck"". ""gg loser"". ""shut up"". ""nope"". ""ok noob"". ""im not"". ""gg im out""",1
"""U play?"". ""LOL trash"". ""Learn, noob"". ""Rekt ya!"". ""Git gud""",0
"""Got u!"". ""Haha ass!"". ""Come, die"". ""Glitchin noob"". ""No skill""",1
"""lol ur trash"". ""ha u wish"". ""so bad"". ""git gud"". ""gay game""",0
"""invite gay"". ""u mad? lol"". ""ty 4 ez win"". ""ur funny"". ""stay mad""",1
"""gg"". ""come?"". ""need help"". ""wait!"". ""nice shot"". ""need ammo?"". ""cover me"". ""coming back"". ""good try"". ""stay close""",1
"""ez win"". ""nt my prob"". ""stfu noob"". ""die quicker"". ""u suck man"". ""like u care"". ""do ur job"". ""dont bother"". ""whatever man"". ""dont tell me""",1
"""u trash"". ""gay camper"". ""git gud"". ""ur gay"". ""trash team"". ""campin kid"". ""uninstall""",0
"""ez pz"". ""noob"". ""ez clap"". ""mad bro?"". ""skill issue"". ""gg ez""",0
"""gg team"". ""need help?"". ""go on"". ""nice play"". ""cover me"". ""good job"". ""watch out"". ""well done"". ""thnx bro"". ""let's move"". ""u ok?"". ""regroup pls"". ""need armor?"". ""keep going"". ""spawn now"". ""stay calm"". ""reviving u"". ""let's win"". ""head up"". ""take ammo""",1
"""noob guys"". ""just die"". ""u suck"". ""thx loser"". ""u wish"". ""just stop"". ""too late"". ""whatever dude"". ""thx not"". ""slow guy"". ""just fail"". ""nope idiots"". ""thx jerk"". ""die already"". ""just wait"". ""u trash"". ""thx moron"". ""u dream"". ""no chance"". ""my ammo""",1
"""Need help?"". ""Please move"". ""Haha gg!"". ""Next time?"". ""Behind you!"". ""Cover please"". ""Nice shot!"". ""Play more?"". ""Grenade! Move!"". ""All good!""",1
"""dont care"". ""lmao noob"". ""bot game"". ""no way"". ""ugh whatev"". ""lol nope"". ""ez bot"". ""dont think"". ""haha oops"". ""idc lmao""",0
"""Need help?"". ""Stay safe"". ""Need backup!"". ""On your 6"". ""Bot incoming!"". ""Cover me!"". ""Defusing now"". ""We got this""",1
"""lmao noob"". ""lol sure"". ""like that's gonna help"". ""tryhard much?"". ""lmao bots"". ""lol u rly need it"". ""lmao u wish"". ""doubt it""",0
"""u gay"". ""lol noob"". ""team sux"". ""ass player"". ""loser lol"". ""tryhard xd""",0
"""ur ass"". ""xd trash"". ""ur aim?"". ""gg ez"". ""u dead?"". ""same xd""",0
"""need help?"". ""wait, coming!"". ""cover me"". ""thx anyway"". ""join me"". ""all good!""",1
"""noob, lol"". ""xd xd"". ""git gud"". ""lol"". ""nah, noobs"". ""xd can't stop""",0
"""la. need ammo?"". ""come here"". ""nce shot"". ""gg team"". ""hlp needed?"". ""sharing lmg"". ""defense strtgy?"". ""we got this""",1
"""stp camping"". ""u trash"". ""ez kill"". ""ur bad"". ""get good"". ""ur all nubs"". ""losing so ez"". ""ur team trash""",0
"""u bad"". ""stop camping!"". ""git gud"". ""u play?"". ""waste time"". ""why camp?"". ""pathetic play"". ""ur bad"". ""quit game"". ""u salty""",0
"""lmao noob"". ""dont play"". ""ur joke"". ""dont think so"". ""lmao, who cares"". ""cuz fun"". ""cry more"". ""dont care"". ""lol scrub"". ""lmao, always""",0
"""ur ass"". ""team trash"". ""aim ass"". ""noob team"". ""team suck"". ""ur ass""",0
"""ping suck"". ""join better"". ""land fail"". ""ping mess"". ""land wrong"". ""fix ping""",1
"""gg wp"". ""haha all good"". ""need hlp?"". ""lol ok"". ""gg next time"". ""thx anyway"". ""keep going""",1
"""you suck"". ""camp more"". ""dont need u"". ""respawn n00b"". ""i got u"". ""git gud"". ""nah trash""",1
"""ping left"". ""need help"". ""gg team"". ""share ammo"". ""party up?"". ""glhf tho"". ""obj b clear"". ""cover u""",1
"""bad call"". ""lol, useless"". ""not u"". ""nah noob"". ""haha no"". ""gl, you'll need it"". ""sure...not"". ""don't need""",0
"""wtf team????"". ""bot play!!"". ""git gud!!"". ""haha u bot"". ""ez win"". ""gg but bad"". ""cry moreeee""",0
"""haha u bad"". ""sorry la no skill"". ""u trash"". ""rage more"". ""luckyyyy"". ""no gg u"". ""keep dying 😂""",1
"""Need help?"". ""Pls, team?"". ""Coming, bro"". ""Sorry, lag!"". ""Got ur back"". ""Why like dat?"". ""Ammo here!"". ""Share pls?""",1
"""nah noob"". ""lol gg"". ""too slow"". ""excuses la"". ""thx, loser"". ""just facts"". ""keep it"". ""get ur own""",1
"""git gud"". ""lmao! noob"". ""ez win"". ""team, wtf!"". ""useless team"". ""lmao fail"". ""trash aim"". ""lmaoooo!"". ""ez clap"". ""sit kid"". ""trash skills"". ""team sux"". ""lmao, noobs"". ""team bad"". ""git better""",0
"""u trash"". ""la respawn"". ""lol dying"". ""blame urself"". ""respawn noob"". ""loser's luck"". ""respawn, cry"". ""gg noob"". ""respawn lmao"". ""blame game""",1
"""Need ammo?"". ""lol u sure?"". ""I'll cover"". ""Got ur back"". ""Yes, we win!"". ""Here, meds"". ""You okay?"". ""Respawn now"". ""Cmon, chill"". ""Nice try lol""",1
"""noob, go"". ""just die"". ""waste of time"". ""useless team"". ""shut up"". ""stfu, move"". ""gg, trash"". ""screw this"". ""party's dead"". ""go away""",1
,1
,0
"""la go"". ""revivin u"". ""party up?"". ""need help?"". ""got ya"". ""cover fire"". ""nice shot"". ""ammo here"". ""headin la"". ""nice assist""",1
"""stop campin"". ""ur trash"". ""u suck"". ""get gud"". ""team sux"". ""stop dyin"". ""like u care"". ""lame team"". ""quit campin"". ""u wish""",0
"""ez win"". ""lol noob"". ""git rekt"". ""ur trash"". ""ez mode"". ""lol noob""",0
"""u camp"". ""lmao git gud"". ""real gay"". ""ur gay"". ""no skill"". ""get a life""",0
"""Got ur back"". ""Just chill"". ""gg team"". ""my bad"". ""let's win"". ""here 4 u"". ""nice try"". ""heads up""",1
"""u suck"". ""die bro"". ""so bad"". ""noob"". ""u trash"". ""go away"". ""get gud"". ""too slow""",1
"""Need help?"". ""Revive me!"". ""Stay close"". ""I'll cover"". ""Behind you!"". ""Help pls"". ""I'll revive"". ""Stick together""",1
"""Nah bro"". ""u suck lol"". ""ur slow"". ""jus leave"". ""ikr noob"". ""die already"". ""no point bro"". ""yawn boring""",1
"""ez kill lol"". ""same 2 u ez"". ""cry more lmao"". ""gg ez"". ""skill ass"". ""mad bro?"". ""git gud"". ""team bad"". ""lol noob"". ""ez win"". ""stay mad"". ""lol u"". ""trash aim"". ""ez game"". ""salty?""",0
"""ur team trash"". ""as if gay"". ""nice hacks"". ""u wish lol"". ""u suck"". ""blame urself"". ""ur gay"". ""scrub move"". ""git rekt"". ""can't play""",0
"""u play?"". ""team trash"". ""git gud"". ""ez kills"". ""learn game"". ""carry u"". ""cry more""",0
"""lmao ez"". ""like u"". ""lol try"". ""ur bad"". ""funny noob"". ""plz stop"". ""lmao tosser""",0
"""Sniper left"". ""Need help?"". ""Respawn quick"". ""Ok np"". ""Cover u"". ""Flank them"". ""Got u"". ""Ammo here"". ""Ok"". ""Nice shot!"". ""Team up?""",1
"""lol noob"". ""ur trash"". ""too slow ass"". ""git gud"". ""whatever"". ""u wish"". ""useless"". ""ez mode"". ""nah u suck""",0
"""Need help?"". ""Watch out!"". ""Need ammo?"". ""Nice shot!"". ""Cover pls"". ""All good?"". ""Ty for assist""",1
"""lol noob"". ""just move"". ""git gud"". ""lucky hit"". ""come on"". ""just die"". ""lol whatever""",1
"""ez game"". ""git gud"". ""stop campin"". ""no u"". ""no skill"". ""so bad"". ""pathetic"". ""so ez"". ""weaklings"". ""tryhards""",0
"""lmao luck"". ""ass play"". ""ur gay"". ""lol loser"". ""lame ass"". ""toxic af"". ""ur mad"". ""cry more"". ""ez kill"". ""campin again""",0
"""Play better"". ""Bot"". ""Ass"". ""NOOB"". ""Try hard"". ""Bot lobby"". ""Learn aim"". ""Play trash"". ""Noob""",0
"""ur trash"". ""lol mad?"". ""git gud"". ""lol noob!"". ""ur bad"". ""lol sad"". ""lol w.e"". ""ur rage"". ""lol cry""",0
"""lol u ass"". ""git gud"". ""ez win"". ""haha ass"". ""camp much?"". ""bot moves"". ""aim better"". ""weak play"". ""dumb noob"". ""so bad"". ""trash crew"". ""LMAO noob""",0
"""u wish"". ""dont care"". ""ur trash"". ""ass yourself"". ""dont cry"". ""ur blind"". ""lol ok"". ""ur cute"". ""dont talk"". ""lol sure"". ""ur alone"". ""dont care""",0
"""enemy near"". ""follow pls"". ""need cover"". ""ty for assist"". ""ammo here"". ""come help"". ""good shot"". ""keep going"". ""reviving u"". ""almost there""",1
"""stfu"". ""noob xd"". ""git gud"". ""whatever"". ""take it urself"". ""nope xd"". ""lol scrub"". ""team sucks"". ""stfu u suck"". ""not helpin xd""",0
"""need help?"". ""nice try"". ""follow me"". ""great shot"". ""thx team"". ""u good?""",1
"""noob ass"". ""ez kill"". ""shut up"". ""luck bot"". ""carry u"". ""asswipe""",0
"""Need help?"". ""Laater"". ""Thank you"". ""U ok?"". ""Good try"". ""Close game"". ""Nice shot"". ""Want more?"". ""Well played"". ""Next time?""",1
"""noob"". ""lol ez"". ""asss"". ""u suck"". ""lmao"". ""ez win"". ""my kill"". ""you wish"". ""pfft"". ""gg loser""",0
"""ur bad"". ""ez win"". ""stop camping"". ""ur trash"". ""gg easy"". ""learn 2 play"". ""no skill"". ""git gud"". ""why team?"". ""lmao ur bad"". ""ez game"". ""ur boring""",0
"""lol team?"". ""not ur team"". ""team sux lol"". ""team better"". ""team carried"". ""team wins"". ""lol team"". ""ur crying"". ""ur noob"". ""team laughing"". ""team owns"". ""lol ok""",0
"""Need backup"". ""gg guys"". ""Help mid"". ""thx bro"". ""nice shot"". ""follow me"". ""bot here"". ""regroup, guys"". ""care package"". ""push obj"". ""u good?""",1
"""u suck"". ""awful noob"". ""useless team"". ""bad at game"". ""lucky bot"". ""ur trash"". ""stop camping"". ""worst ever"". ""too slow"". ""dumb move"". ""noob u""",0
"""bot team"". ""u trash"". ""camp more"". ""git gud"". ""u suck"". ""really? bot"". ""ur bad"". ""uninstall""",0
"""lol noob"". ""ez kills"". ""cry more"". ""stay mad"". ""ez win"". ""LOL no aim"". ""trash aim"". ""gg noob""",0
"""need ammo"". ""thx buddy"". ""hey np :)"". ""let's win"". ""good shot!"". ""keep going"". ""thx for help""",1
"""lol ok"". ""ur so bad"". ""ur still trash"". ""ok ok"". ""whatever"". ""can't stop"". ""lol anytime""",1
"""dont camp"". ""xd bot"". ""team suck"". ""dont feed"". ""xd noob"". ""dont try""",0
"""just play"". ""tbh trash"". ""just quit"". ""thank god"". ""just luck"". ""bot play""",1
"""need help?"". ""lol, team up?"". ""haha, invite?"". ""cover me?"". ""pls stick close"". ""invite me back?"". ""gg, no worries!""",1
"""ur trash"". ""noob, bot"". ""ur waste"". ""ur dead"". ""ur team sucks"". ""lmao ur bot""",0
"""need help?"". ""im comin"". ""stay safe"". ""nice move"". ""come on"". ""we got this"". ""gg wp""",1
"""noob lmao"". ""lol ur gay"". ""xd whatever"". ""stfu nerd"". ""lmao tryhard"". ""ez game""",0
"""you ok?"". ""need help?"". ""join party?"". ""sorry bout last game"". ""clear left"". ""thx for assist""",1
"""git gud"". ""lol noob"". ""no, gg"". ""whatevr"". ""u dead"". ""lol ок нуб""",1
"""Need help?"". ""Nice play bro!"". ""Let's go!"". ""Stick together"". ""Great shot! TY""",1
"""STFU ass"". ""You suck"". ""Leave game"". ""Useless ass"". ""Whatever loser""",0
"""u r trash"". ""ez win"". ""u mad?"". ""git gud"". ""ez again"". ""lol nub"". ""cant aim?"". ""ez kill"". ""ur bad"". ""u ded""",0
"""plz, lol"". ""sure, come"". ""lol noob"". ""come try"". ""keep dreaming"". ""cry more"". ""pls try"". ""come get"". ""plz, haha"". ""gg ez""",1
"""Nice try, ass."". ""Dont even."". ""Noob alert!"". ""GG, bot."". ""Lame moves."". ""Git gud!"". ""Pathetic aim."". ""Keep dying."". ""U trash."". ""Stop feeding."". ""Gtfo, bot.""",0
"""Bot mode."". ""Skill issue."". ""U bad. xd"". ""Ass play."". ""Try harder."". ""Noob vibes."". ""Missed again?"". ""Stay bad."". ""Bot lvl."". ""Can't aim?"". ""Stay lost.""",0
"""Need ammo?"". ""Cover u"". ""Ty for assist"". ""Team up?"". ""Nice snipe"". ""U did gr8"". ""Need med?"". ""Help you?""",1
"""lol noob"". ""ok sure"". ""whatev lol"". ""im good"". ""fluke lol"". ""ok whatever"". ""im fine"". ""lol stop""",1
"""gg trash"". ""get gud"". ""ez game"". ""bad aim"". ""pea shooter"". ""trash aim"". ""hacker xd"". ""bad map"". ""rage quit"". ""haha ez"". ""too easy"". ""bottom frag"". ""lucker"". ""pathetic"". ""aim bot"". ""trash af"". ""bots bro"". ""hax kid"". ""skill issue"". ""gg trash""",0
"""lol noob"". ""like ur mom"". ""haha loser"". ""haha k/d"". ""lol camper"". ""like that?"". ""lol salt"". ""like u care"". ""lol gg"". ""like rematch?"". ""lol scrub"". ""haha kid"". ""like skill"". ""lol keep trying"". ""like really?"". ""lol gg bois"". ""like ur team"". ""lol cry more"". ""haha right"". ""lol noob""",0
"""come mid"". ""need help?"". ""lol ok"". ""land safe"". ""cover u"". ""u got this"". ""haha ok""",1
"""noob stop"". ""stfu noob"". ""bad team"". ""rush b"". ""noobs all"". ""stfu team""",0
"""need help"". ""pls cover"". ""join squad"". ""pls move"". ""need backup"". ""thx anyway""",1
"""n00b"". ""git gud"". ""dont care"". ""u suck"". ""too slow"". ""whatever""",1
"""ur ass"". ""trash aim"". ""git gud"". ""lol jokes"". ""u wish"". ""stay trash"". ""same spot""",0
"""lol near u"". ""come here"". ""ok nub"". ""1v1 scrub"". ""ez clap"". ""near spawn""",1
"""stay left"". ""need backup"". ""good shot"". ""regroup near"". ""cover me"". ""come help""",1
"""noob, im there"". ""yessir, bro"". ""finally, trash"". ""nah, im solo"". ""u sure, bro?"". ""gg loser""",1
"""ur trash"". ""lol git gud"". ""ez win"". ""ass moves"". ""bot kid"". ""lol scrub"". ""trash play"". ""lol u mad"". ""trash team"". ""no kill"". ""ez life"". ""lol trash"". ""nice fail"". ""lol idiot""",0
"""stfu noob"". ""gay aim"". ""team fail"". ""cry more"". ""git lost"". ""noob team"". ""gay strat"". ""stfu loser"". ""gay tactics"". ""u suck"". ""stfu gay"". ""git gone"". ""gay skills"". ""noob alert""",0
"""near obj?"". ""wait up"". ""lol gg"". ""team up?"". ""need help?"". ""cover pls"". ""lol nice"". ""good spot"". ""def u"". ""nice try"". ""need ammo"". ""let's flank"". ""lol sorry"". ""reviving"". ""close one"". ""need backup"". ""almost there"". ""near B"". ""well done"". ""lol good""",1
"""stop camping!"". ""ez win"". ""u suck"". ""like u can"". ""noobs"". ""ez kill"". ""u trash"". ""camping"". ""whatever"". ""ez clap"". ""die already"". ""too slow"". ""useless"". ""don't care"". ""ez for me"". ""loser"". ""kid stuff"". ""way too easy"". ""boring"". ""like I said""",0
"""u bad"". ""lmao noob"". ""ur trash"". ""git gud"". ""no skill"". ""spammer"". ""ur sad"". ""weak af"". ""camp chump"". ""bad aim"". ""tbh bad"". ""heh trash"". ""salty kid"". ""lmao weak""",0
"""gay team"". ""lol ez"". ""ass player"". ""u rly?"". ""gay shot"". ""lol bot"". ""ass clown"". ""scrub lol"". ""gay spawn"". ""miss lol"". ""no scope"". ""lol u mad?"". ""ur joke"". ""gay move""",0
"""Near base"". ""Respawn here"". ""Lol chill"". ""Need help?"". ""Got u""",1
"""Don’t care"". ""Like I need"". ""Ur a bot"". ""Don’t want"". ""Stop that""",0
"""Need ammo?"". ""Party up?"". ""Land here"". ""Help u"". ""Flank now"". ""I got u""",1
"""Ur bad"". ""Noob team"". ""Already dead"". ""Lol gg"". ""Lame strat"". ""im done""",1
"""lol camper"". ""xd git gud"". ""stop campin"". ""trash team"". ""haha loser"". ""keep dreamin""",0
"""ez noob"". ""dont try"". ""learn play"". ""ez game"". ""lol mad"". ""u wish""",0
"""Need backup!"". ""I'll cover!"". ""Nice shot!"". ""Wanna play more?"". ""Revive u!"". ""We got this"". ""GG wp"". ""Teamwork!"". ""Let's win!"". ""Lol chill""",1
"""U sux"". ""Just die lol"". ""Too ez"". ""Nah u bad"". ""Ugh noob"". ""Game sux"". ""U trash"". ""Whatever lol"". ""Not with u"". ""Play solo""",0
"""u ass"". ""team trash"". ""huh team?"". ""u serious?"". ""team bad"". ""useless team"". ""pfft team"". ""u mad?"". ""team sucks""",0
"""stfu"". ""ez win"". ""lmao noobs"". ""ez game"". ""git gud"". ""cry more"". ""shut it"". ""lmao why?"". ""ez carry""",0
"""Need help?"". ""Team up?"". ""lol, ok"". ""Nice shot!"". ""Team win?"". ""Still fun"". ""Armor here"". ""Ty for assist"". ""Lol, calm""",1
"""Leave me"". ""ur noob"". ""git gud"". ""im pro"". ""ur bad"". ""ok, bye"". ""dont care"". ""watever"". ""ok, noob""",1
"""Need ammo?"". ""Please move"". ""La got ur back"". ""Want assist?"". ""Keep trying"". ""You're doing great"". ""Cover me!"". ""Ur welcome"". ""We'll win"". ""Base secure"". ""Team up?"". ""Okay la!""",1
"""**** you"". ""This guy"". ""Noob"". ""Join game"". ""Thx loser"". ""Whatever"". ""All solo"". ""Nah useless""",1
"""Campin ass"". ""u suck"". ""hrd scope"". ""play fair"". ""no skill"". ""get rekt"". ""lame play"". ""noob aim"". ""git good"". ""clumsy ass"". ""same kill"". ""tuff luck""",0
"""gg trash"". ""ok noob"". ""please move"". ""gg loser"". ""ok bot"". ""plz try"". ""gg ez"". ""ur bad"". ""ok scrub"". ""plz git gud"". ""gg boring"". ""ur slow""",1
"""u suckkk"". ""lmao gay"". ""ass shot"". ""ur team bad"". ""ez win"". ""frag out!!"". ""gay move"". ""lmao trash"". ""clwn team"". ""lol gayyyy"". ""lmao run"". ""sad frag"". ""gay hack""",0
"""haha noob"". ""camping pro"". ""gg trash"". ""haha nice"". ""stay salty"". ""waste bro"". ""learn map"". ""u blind?"". ""stay mad"". ""bet loser"". ""stop crying"". ""haha ez""",0
,0
,0
"""gg man"". ""need help?"". ""cover me"". ""let's win"". ""im here"". ""push now"". ""nice try"". ""we got this"". ""reloading"". ""all good""",1
"""u suck"". ""noob, stay back"". ""why u"". ""die already"". ""ur late"". ""fail again"". ""pathtic"". ""doubt it"". ""slowpoke"". ""nah, trash""",1
"""Need help?"". ""Ok np"". ""Near obj!"". ""Move plz"". ""Help mid"". ""On my way"". ""U ok?"". ""Here if need""",1
"""gg u suck"". ""whatever noob"". ""im camping"". ""stfu"". ""die already"". ""invites r for losers"". ""who cares"". ""gg ez""",1
