messages,labels
"learn to play, you fucking shit. feeding like noobs. report pudge",1
"well-played everyone. just need more vision near mid. care top, missed them. that was fun. gg guys!",0
"fucking idiots, why no wards? all trash, can't play this game. learn to fucking support or uninstall. ",1
keep the pressure on top. bkb ready. let's push mid next. gg. ,0
"why are you guys afk in the base? stop being useless, go play something else noob.",1
you're fucking useless. uninstall now. what a shit game,1
stupid noob feeding again. why even play? report this idiot,1
stop feeding noob. where are wards? fuck this game. idiot mid. ,1
"great job pushing bot, team. bkb saved me there, thanks. keep eyes on mid, i'll ward. nice fight, let's push high ground. ",0
"learn to play, idiot. you're trash. report this feeder, afk jungle. this game is shit. team noob.",1
"wtf u doing at top, noob? learn to play or leave. everyone's feeding. report afk clinkz. ",1
gank mid now. ward the top please. nice job with that rosh. gg team. let’s push bot. wp everyone ,0
can you just uninstall you retard. every game you feed. such a noob player. so bad omg.,1
"omw mid, let's gank Luna. good warding, keep it up. wp team",0
amazing comeback team! let's get bkb and go for the win. remember to ward. ggwp!,0
another idiot picking sniper. stop being useless afk. you guys suck at this game. trash everywhere. ,1
nice deny mid. let's push bot with smokes. need more wards around rosh. gg and wp team!,0
"gg wp all. good job pushing mid. rosh is up, let's take it.",0
"why u play this game? uninstall, idiot. stop feeding, report you",1
"wp everybody. nice gank mid. let's take the tier 2. watch for rosh steal. we're doing great, gg ",0
"mid is open noob, can't u see? such a fucking idiot. stop feeding. report that asshole",1
mid missing. care bot. nice gank top. ward jungle. let's push mid. gg,0
"mid should gank bot soon. careful top, they're missing. good job with the wards. gg nice teamwork",0
"fucking retard, you just cost us the game. noob ass support. feed more, why don't you",1
you freaking idiot noob. learn to play before queuing. you're trash,1
you are useless. what the hell is that build? idiot playing. uninstall the game dude,1
"great job on that rosh. let's ward the jungle. care mid, they're missing. gg, awesome teamwork. ",0
awesome bkb timing. let's hold high ground. gg well played team,0
what the hell are you doing? trash player afk bot. report pls,1
"great teamwork top, keep it up. let's bkb and push. care for rosh, they might do it",0
"you're such an idiot, can't even land a stun. team full of clowns. feeding and afk, typical. gg trash",1
"lol you're all garbage. stop dying idiots, just defend once. report the slark. trash.",1
nice gank mid. let's push top now guys. well played jugger.,0
are you guys blind? enemy's in our jungle. such trash gameplay. stop feeding them. you're all idiots!,1
stop feeding god you're an idiot. report this noob. what a trash game ,1
"gg, let's try to push mid. Careful, enemy missing from bot. Ward the jungle please. Nice job with that gank! We got this. ",0
ward the jungle. we got this. care for counter-gank mid,0
"afk farm? serious? uninstall dota bro, you’re trash. feeding like this all game. report and gg",1
gj on securing mid. nice bkb timing. ward bots please,0
"omg you guys are useless. stop dying, idiots. uninstall pls, trash players ",1
haha nice hook Pudge. ward deep next time. let's push this. gj!,0
good rotation top! we're playing well. push mid lane now. don't forget to ward our jungle. gg! ,0
stop feeding mid idiot. you're trash. learn to play the game noob. report sniper. why is our offlane afk? ,1
gj on the last fight! keep pressure on mid. ward jungle please. nice teamwork,0
can someone ward please? invoker missing mid. let's push bot. gg,0
"good job with that bkb timing. let's focus tower next. gg guys, that was fun",0
"fucking idiots, gg too easy for them. why feed always? afk jungler, report pls. noobs everywhere. idiot, go uninstall. stop playing, you suck.",1
"lol noob, stop dying. u idiot, u cost us the game. trash team report all",1
"bot needs help, stop feeding noobs. your trash plays ruining this game. report all afk",1
you're such a noob. delete dota pls. can't believe this trash team. report them all. ,1
"nice warding guys. let's defend mid. push bot after. good job team, we're doing great.  ",0
"mid is doing great, let's keep it up. care top, they're missing. gg, nice game. ",0
nice gank top. keep it up guys. let's rosh soon. care with bkb usage. gg,0
wtf is this team doing? noobs everywhere. report everyone. worst game ever. uninstall plz ,1
"nice play mid, let's keep this up. remember to ward the jungle. good push top, gg wp everyone! ",0
what are you doing noob? report your ugly feed. idiot keeps dying. you all are bad. awful game. such trash team.,1
"omw to help with the push. let's gank top, they're out of position. push mid after.",0
are you afk or what? this team is fucking useless.,1
"ward bot please. nice stun, luna! bkb soon. let's go rosh. gg wp guys! ",0
noob mid. can't even last hit. are you serious? you just fed him twice. useless player. report mid noob. ,1
careful in mid. stack the camp please. nice ult! gg all.,0
wow nice save top. let's push mid for the win. bkb ready. good work warding jungle. ggwp ,0
noobs everywhere. why you guys so bad. uninstall and never play dota again. ,1
"ward mid plz. let's gank top. care bot, enemy missing. gg team, wp",0
thanks for the save mid. gg wp team. ward their jungle next time. let's push bot now. care top they are missing. ,0
"trash team, why don't you just uninstall? noob invoker feeding again.",1
"let's rosh after this wave. bkb ready, we can fight mid. good job all",0
nice gank mid. let's go top next. good warding. keep pressure on them. gg,0
ward here please. slark nice escape. careful bot lane. gg wp guys.,0
gg wp everyone. nice teamplay. see you next game!,0
You all suck. What a garbage team. No map awareness. Why can't you do anything right?,1
"nice bkb, now let's push mid. great gank team. we got this. wp guys. ",0
what a bunch of noobs. you are all trash. how many times do we have to tell you to stop feeding? ,1
nice job team. let's push mid now. ward top please. care bottom. gg wp,0
"ward please. nice push mid. gj everyone, keep it up. let's win this. care bot, they are missing ",0
report this afk. you're so bad mid. fucking useless team ,1
"hey watch out mid, they're missing. gj on that tower. let's push bot together.",0
"gg team well played. Let's push mid. Care bot, no wards there. Nice gank!",0
"mid is open, gg. ward please. push top. nice gank team. care bot, they might rotate. well played all, gg. gonna rosh soon. gj.",0
great job on the gank. good ward placement. prevent their push. gg team. keep it tight.,0
no ward on map. useless team of noobs. you all fucking suck,1
wtf are you doing. open your eyes noob. stop feeding. i'm done with this shit,1
"Such a trash player, you can't even last hit. Why are you even playing this game?",1
let's gank mid. care on the river. good play invoker. ,0
"nice gank mid, guys. care top, they're rotating. push bot with me? need more wards pls. gg wp all",0
nice teamplay guys. we need to ward the river. omw mid to help. let's push bot after. gg wp,0
you fucking noobs are useless. going solo without wards. learn to play idiots,1
mid missing. ward top please. push bot when ready. gg. well played all,0
ward the jungle please. let's rosh. nice bkb timing,0
"this game is your fault magnus, useless garbage. can’t carry this trash team",1
"gj on that push top, let's go mid next. remember to keep wards up. nice plays guys, gg. ",0
"what's wrong with you? feeding invoker again? every game, report him. ",1
nice one mid. let's push top. care for gank. well played everyone. gg. wp,0
great ward placement top. let's gank mid. rosh in 2 min. gj team,0
are you blind? stop feeding top and help the team already. what a noob. report this trash for being afk. ,1
good stuff guys! bkb next. don't forget wards. ,0
"feed more, idiot. you're so bad. afk trash, report him",1
"gg guys wp. let's push top. i'll place a ward here. care mid, missing. omw bot for a gank. nice kill! ",0
"well played, bot lane. care mid now. let's defend high ground",0
"great bkb usage there. care for rosh, might be up soon. gj everyone. wp. let's end this. ",0
"good job team, wp. let's keep it up and take mid. don't forget to ward rosh area. we're doing great, gg. ",0
"great bkb usage. let’s push mid. gank jungle to help. care, they're missing. gg wp everyone",0
"top is clear, go push. careful bot. let's take rosh. wp guys. ward up for late game. bkb ready. gg.",0
"awesome bkb timing, jug. good job team. let's keep the pressure up. nice ward vision",0
"gg wp guys. nice teamfights. let's play again sometime, gl with mmr",0
rosh is up guys. push towers after. nice rotation mid,0
"lol nice steal, lion. let's get top tower. good job with the wards. gg next.",0
stop chasing kills. noob team. play objectives. you guys are so fucking dumb. can't carry this trash ,1
"you are such a noob. stop feeding idiot. learn to play, trash. report this afk. ",1
"you're a fking idiot, stop feeding mid. report him for trolling, total noob game ",1
"gg wp. let's group for final push. nice ulti there. careful top, they're missing. bkb up in 5 ",0
noobs everywhere. this is so easy. why am i always stuck with idiots. just ff and go next. ,1
"1. Great job team, keep it up. Let's ward the jungle and push mid. Nice play there. gg guys. ",0
"gj with the gank, team. i'll ward near rosh. let's push now. wp",0
"stop trolling and play the game. you are such a noob. why feed like that, idiot. report blue. ",1
"gg easy you noobs. uninstall DOTA, you're trash players. report for griefing.",1
good rotations void. let's gank top. ez game if we group and push. keep up the pressure. nice def mid.,0
let's gank top. need wards pls. gg wp. teamfight mid soon. nice dps from sniper. good communication guys,0
"8. Idiot mid, feeding again and again. You're a fucking noob! Report him for ruining the game. ",1
every game it's noobs like you. why do i even try. idiots going afk,1
gg wp team. care for the gank. nice ult lion. we should push top. get rosh after,0
report this feed noob. ur so trash. go afk idiot. big noob to team,1
great job guys! keep up the pressure. gg wp!,0
can't believe this team. play like trash. report everyone. ,1
"what are you doing idiot? go back and defend. noob pudge stop trying to carry. shit team, gg ez for them.",1
"stop picking stupid heroes, useless. you’re bad, no game sense. feeding like an idiot all match",1
nice play! let's go rosh. we can end this. careful for ganks top.,0
"nice last hit. care mid, they might gank. gg team, push top now! ward the jungle pls",0
"haha nice dodge. let's group up for a push. care tp response. mid is vulnerable. nice, let's finish this gg",0
why no one ganking. team pls learn how to play. lol this is trash. gg waste of time. report void afk feeding. ,1
"nice job on the gank. care top, they're missing. bkb soon. gg boys. ",0
"stop feeding mid, idiot. uninstall this game. you're making us lose, afk noob.",1
let's push bot. nice ult tide. gj team. bkb next fight ,0
"mid needs help, come gank now. nice rotation! pushing bot next. careful in jungle, i've got wards there. gg well played team. ",0
noob team can't win a lane. why did you leave me to farm solo? gg idiots. unsinstall pls ,1
"this is the worst team ever. why are you guys so bad. fucking noob offlane. report supports, zero wards. just afk now",1
"stop feeding and play safe, noob. report the idiot mid. trash player. i've had enough of this shit game.",1
"you fucking idiot, why go mid alone? team full of noobs. report and move on.",1
"learn to play the game. you're worthless. noob invoker, stop feeding",1
omw mid for rosh. great stun lion. let's push high ground. we can win this. gg wp team,0
"good job, lina. let's push mid. need wards there. awesome game guys, gg ",0
What are you doing mid noob. You're feeding. Report Invoker for being afk.,1
"this team is trash. report our offlane, afk in base. noob players everywhere. why do I have to play with idiots? ",1
"nice gank top, let's push tower. care mid, they're missing. we got this team. bkb soon, gg. ",0
nice plays. can we get some wards? careful bot lane. push mid. gg,0
why u all feed. learn to play idiot. typical noobs. report our mid. this is trash,1
"what the hell dude. you're such a noob. learn to play, idiot. report you all",1
"Nice play bottom! Let's take the tier 2 tower. Great job, keep it up team. Remember to place wards.",0
mid missing. let's push bot. nice one. care for gank. wp team. gg,0
"great job top lane! bkb next. care for rosh. ward up jungle please. wp everyone, gg. ",0
gj on the bkb luna. let's ward their jungle. push high ground now. we're doing great. keep it up.,0
"whoa, watch that gank mid. take rosh now. push lanes together! ",0
"nice gank top guys. gyrocopter is a problem, we need bkb. keep wards up. good fight. let's push mid. gg wp",0
"we can win, just group. good job on push. gg ",0
"ez mid guys, gg. i'll ward top in a sec. let's push bot together. care for their gank. nice save on rosh. ",0
missed my stun sorry. nice save there lich. bkb next team. gg wp. let's push top. care mid. ,0
why you leave? trash team. report afk. you're all idiots. noob mid can't play,1
"noob team, you make us lose. go afk if you want. so trash",1
"idiots, you can't play. all you do is feed. report and quit. ",1
"mid needs help. let’s push top after. care for the gank. nice plays guys, keep it up.",0
stop feeding noobs. can't carry this trash team. report the fucking afk. uninstall idiot. gg ez game ,1
"fucking noob team, can't do anything right. why are you all so bad? report",1
wtf are you doing? open your eyes idiot. can't you play? why are you even here? uninstall please,1
"afk base, gg noobs. why are you idiots even playing? report sf",1
"where is the team? i'm not carrying you noobs. this is why we lose, trash team. ",1
absolute idiots. this is why we lose. what a bunch of noobs,1
nice gank top. push push push! rosh now when they're down. great job guys,0
nice gank mid guys. let's ward jungle and push bot. great teamwork. gg wp everyone.,0
perfect chrono void. let's secure rosh. we got this guys. careful with their ganks. so close to winning.,0
"care bot, we need more wards there. nice teamwork folks. let's finish strong",0
ward mid please. nice gank bot. let's push top. care invoker missing. gg wp everyone. ,0
afk jungle? are you kidding me? we lost because of you. game is trash with players like you,1
stop feeding noob. report this idiot. uninstall the game. trash team,1
noob team. can't believe this shit. you all are useless. ,1
"nice gank top, let’s push. rosh soon guys? care bot! gj! ",0
"push mid now guys. nice ward placement. care top. gj team, rosh soon. gg",0
"why feed mid like that? idiot. uninstall dota pls. report this noob next game. come on, this is trash. ",1
"you all suck, just go afk and uninstall. can't win with idiots like you.",1
this team is trash. you're all noobs. can't carry this. report everyone.,1
wow you guys are so bad. feeding every lane. gg ez for the enemy.,1
wp team! let's push mid now. care for their gank attempts. bkb ready,0
stop being afk noob. do something you idiot. report. such trash,1
nice gank mid. gj securing rosh. we can push high ground now. let's ward their jungle,0
stop feeding you noob. report him. learn to play idiot.,1
"let's focus on objectives. nice job with the wards. i'll tp bot to help. bkb ready, let's go! ",0
nice clutch save on bot. let's push top now. gg well played everyone,0
go mid and help noobs. can't you see I'm getting ganked? report this trash team. ,1
"mid is missing, be careful. can we get a ward at river? push the lanes when you can. playing really well, team! gg. ",0
seriously idiot stop feeding. you're fucking garbage at this game. report him,1
nice ult lina. wp team. push mid now. gg wp,0
noob team where's the help? idiot feed more. this game is so easy against u trash,1
"gg wp awesome game guys. care mid lane push. nice support lion, great wards.",0
"nice, good push top. we need sentries mid, care for gank. gj team, gg",0
"noob team, can't even gank properly. how are you so bad",1
let's push mid hard. watch out for smoke gank. nice ult sf! gg wp team. ward up guys,0
keep pressure on bot. rosh is up soon. great job team. gg,0
why am i stuck with these noobs. bkb and u still die. report afk. just quit,1
"you idiots, uninstall the game. fucking noobs every where. stop being useless feeders",1
"you’re such a noob, learn to play ur hero. stop feeding invoker. report this idiot. wtf are you doing?",1
"fucking noob phantom assassin, you can't carry shit ",1
"wp guys! let's push top together now. care mid, they're missing. great job team",0
"that was a close one, gj team! time to go mid and push. care for ganks, gg",0
"let's contest rosh, I have bkb ready. care for their ss. great job team, gg! ",0
trash team. report pudge. can't carry you noobs ,1
"omw to gank. nice ulti. let's take mid tower. well played, gg team",0
stop feeding noob. omg idiot go afk. report this trash. why do i get these teams,1
"let's gank bot now. nice bkb timing! we can push after this fight, guys. keep up the good work. ",0
you call this a team? so much feed. why even play if you can't?,1
"watch tower top, bkb ready. gg well played everyone, we can win this.",0
"this is so fucking dumb, can't believe I'm stuck with you noobs. report all, trash team",1
"gj on the kill, let's rosh now. we got this, keep up the good work. well played team.",0
your picks are trash. can't believe this game. what a bunch of idiots. report pugna.,1
omg stop feeding. why are you so bad. report slark for afk. idiot mid,1
mid needs gank. nice ward top. let's push bot. gg team.,0
"can we get some wards up pls? nice dodge there, lc. mid push and we can win this. gg",0
mid missing. care top. nice gank guys. gg. let's push mid,0
"nice, gj team. we need to ward the rosh pit. let's push mid and end this. gg wp",0
"you noob, learn to play. stop feeding mid idiot. report this afk invoker",1
nice job team. let's push mid. care bot! ward near rosh please. gg wp everyone,0
"wtf were you thinking? worst play ever, noob. stop dying idiot. report for griefing this game",1
"what are you doing? stop going alone and feeding! such an idiot, costing us the game.",1
omw mid for gank. let's take rosh. nice bkb timing. care bot. gg,0
"bkb and push mid, we got this. watch out for that clinkz, he’s sneaky. gg wp team",0
no wards all game. reported. you feed top again,1
"dota idiots, why no wards? uggh mid is trash, idiot mid can't even deny creeps",1
well played team. let's contest mid. great job jugger. ggwp everyone,0
stupid catapult doesn't know how to last hit. total trash player. report this dude. ,1
"keep it up guys. rosh in 5, then push top. nice teamwork. let's go gg. ",0
"can we get vision on rosh? care top, they're missing from the map. good job team. ",0
why the fuck are you feeding mid? just go afk noob. report this idiot pls. trash game,1
"noob move mid, gg. why u feed? report this idiot. such trash players. stop going afk dude. ",1
"you're an idiot, stop going solo and dying. what's wrong with you? we're losing because of your stupid plays. ",1
"noob team, why push without vision? report this feeder. stop feeding idiot. why everyone so trash? afk game, you all suck.",1
"stop playing dota if you can't even hold your lane. you're absolute trash, man",1
"what is pugna doing? afk again? useless, report him. gg but trash team",1
push top now. nice ward placements. gg wp,0
lol your invoker is trash. stop dying you idiot. no help at all.,1
"no vision top, need a ward. nice save there. push now, they're down.",0
"great job mid. let's hold high ground and defend. amazing comeback, gg wp. well played team!",0
lol you all are such trash. why is no one helping mid? report this afk noob pls.,1
ward the river please. care bot they're missing. bkb next item.,0
afk farming the jungle again? useless noob. why feed mid and top? report this idiot,1
are you blind or just stupid? stop feeding idiot. afk reported. pls dont pick that hero again. learn how to play. ,1
"pushing mid, let’s go guys. ward bot please. gg well played team. ",0
nice job team. let's push mid together. need more wards on the map. gg wp everyone. ,0
excellent teamwork. let's push mid. nice rotations. gg. see you next game,0
nice steal on rosh. well played bot. great defense at mid. let’s group for a push on top. gg guys ,0
"great job on that bkb timing. we need more wards. let's go for ganks. mid needs help, omw",0
"let's set up some wards and control the map. push bot after we take top. bkb ready, let's fight! gj everyone.",0
"stop diving solo you noob. fucking idiot, you’re throwing the game",1
"y all feeding? stop dying pls. noob team, go uninstall. report plz. ",1
well played slark. need to ward rosh. push bot after we get aegis. good job team. almost have my bkb. ,0
"dota is full of noobs like you. learn to play or quit the game, idiots.",1
afk jungle while we fight. useless! no wonder we lose. report this guy ,1
excellent rotations guys. nice bkb usage. let's secure the top tier 2. gg. push mid hard. ward their jungle.,0
noob team. why u so bad? report all. i'm done,1
"6. Nice hook, Pudge! Let's gank bot next. Push after this fight, we're doing great. WP. ",0
"hey watch for rosh. let's push mid. we got this. nice stun, gj. care, they're all up",0
report this feeder. you're such an idiot. noob team. uninstall game please. ffs gg. ,1
bunch of noobs. what the hell are you doing? get out of my game.,1
bounty rune is up soon. let's secure it. gj on the last fight guys. care for the missing clinkz,0
noob stop feeding. what are you doing bot? uninstall dota please,1
report purple for feeding. stop playing dota if you're this bad dude. so sick of noobs like you. ,1
"great job bot lane, keep it up. reminder to ward please. ",0
"idiot teammates, can't even defend a tier 1. you're all trash, report please",1
stop dying on purpose idiot. report this feeder. ,1
"gonna stack ancients. nice save bot, gj! let's secure rosh. gg well played mates. ",0
idiots. can't even play properly. uninstall and leave,1
"careful bot, they're coming to gank. nice kill. let's push now",0
"fuck you, noob. learn to play mid, idiot. gg report all. what a joke.",1
"are you serious? stop feeding. noob team, can't do anything right. gg ez, not even a challenge ",1
noob team. can't even last hit. fucking idiots everywhere. learn how to play please,1
"awesome initiation, slark. let's bait them top. care for potential ganks. team fight well played. gg wp. ",0
good job getting rosh. push mid now. care for ganks guys. buy wards please. nice comeback! ,0
"nice kill top, gj team. let's push mid now. care for gank bot. need more wards. good job everyone, gg. ",0
"bot pushed, focus mid now. let's secure aegis. wp everyone, finish it. ",0
"1. Let's push mid and take the tower. Nice ward, by the way. Careful, bot missing. GG WP everyone. ",0
"mid fed again, uninstall please. worst player ever. report and move on.",1
"who picked this trash hero? my team is full of idiots. noob mid, can't carry. better luck next game, losers. ",1
"seriously, do you know how to play dota or what? can't believe this trash team. report everyone. ",1
omw to mid. watch out for ganks. we need more wards. good push. gg wp ,0
"can someone ward please. nice job taking rosh. push mid after wards. gj guys, keep it up. wp gg",0
noob team. you all fucking suck. report everyone. ,1
why is nobody mid? you're all noobs. feeding so hard.,1
well played team. gg. let's push top. omw mid,0
"Nice job on that Rosh fight, guys. We need to ward the jungle more. Remember to keep the lanes pushed.",0
"fucking idiots everywhere, no wards no ganks. trash team, stop being afk. report all.",1
let's go top. good warding. nice push mid. keep it up. gg wp,0
report mid feeding like an idiot. you are all trash. gg ez game for them,1
stop feeding pugna. can't carry this shit team. you're all trash. report invoker. uninstall please,1
nice one jugger! let's go rosh now. we can push mid after,0
omg you guys are so bad. fucking noobs can't even defend. report invoker. waste of time. ,1
"great plays mid. let's keep the pressure. ward their jungle for vision. gg, see you next game ",0
let's push bot hard. we need vision around their jungle. great job team,0
"stop feeding you moron. afk jungle? report this idiot. noob, uninstall please. ",1
stupid support. buy wards. stop feeding. trash team. gg for them. ,1
noob mid feed more. gg ez noobs. stop playing you idiots ,1
this troll is useless. why are you even playing. report this feeder,1
afk again? fuck this game. your fault for losing mid. report and delete dota,1
ward mid plz. we can rosh after. gg. nice job bot. care top ,0
"nice tp drow, let's gank top. omw with bkb. gg nice save. wp guys.",0
"awesome save there, nice ult. let's keep pressure on mid. we'll win this. gg wp everyone! ",0
gg ez game. you all suck. go back to tutorial. ,1
"idiot, uninstall now. reported for afk. trash team. can't carry this shit",1
"lol, can't believe you missed that stun, trash. learn to play or quit dota",1
you're so bad. why feed like an idiot. fucking noob. ,1
"7. Nice stun! Let's push high ground. Great teamwork, ward up and finish strong. gg wp! ",0
"bkb ready. let's push mid. good warding, keep it up team. gg ",0
stop going solo mid you idiot. you're feeding their carry. reporting you dumbass.,1
"stupid noob, uninstall dota. stop feeding, you idiot. just afk already. ",1
you guys need to stop feeding. what the fuck was that mid play? report him. you're all trash. ,1
great come back team. let's smoke gank top. good warding. time to get rosh. gg guys ,0
omg you all suck so hard. noob players everywhere. uninstall. ,1
"team, can we ward more pls? mid, care for gank. nice job bot! ",0
are you serious? stop feeding noob. report this idiot. useless trash,1
stop dying noob. report this idiot. you're trash. play safe ffs. afk again?,1
"wtf are you doing? stop dying and play better, noob team",1
gj guys. let's finish rosh and push. ward here please. well played! ,0
"careful bot, enemy missing. ward top, let's push. nice kill. we got this team, gg. ",0
gank mid soon. nice ward. let's push bot. gg team,0
nice ulti enigma. keep pressure on mid. gg guys. let's rosh after this. great game everyone,0
"nice defense on high ground. let's rush rosh, then we push. wp team, really good game. gg. ",0
"ward up mid pls. bkb ready, let’s push. great job on that gank. stick together team. careful in jungle. gg wp everybody. ",0
"nice gank mid, let's push. ward river please. gj guys, keep it up! gg wp. ready for rosh? ",0
wtf are you doing? so trash. play bot better or feed,1
stop feeding noob. this is so stupid. you are all trash. uninstall please. idiots everywhere.,1
omg stop feeding. u guys r hopeless. uninstall dota. this team is full of noobs,1
gj with the warding bot. can we rosh now? push mid after. gg well played. ,0
"where's the gank, idiots? you're all trash, report bot for feeding. this team is a joke.",1
uninstall pls. what are you doing? learn to play drow or dont pick. ,1
why do you always die idiot. stop going solo and feeding. team full of noobs. this is a loss.,1
"care top, missing pudge. nice bkb timing. push push push. gg wp team! ",0
noob sniper stop feeding. wtf are you doing? report him for afk. idiot team can't even gank. trash,1
"noob, you call that playing support? report shadow shaman. pathetic. ",1
"gg guys, let's ward the river. care top, missing mid. let's push bot after rosh. wp, we're doing great! ",0
can you please ward the jungle. nice gank top. let's take rosh. don't forget to push. gg wp ,0
"ward the jungle please. gj with the last fight. let's finish this now, gg",0
can't believe how bad you all are. fucking noobs. just fucking quit,1
"what are you doing mid? stop feeding noob. report lion, he's useless. go afk idiot.",1
"omg u r so bad, why play this game? report invoker, feeding again. noob team",1
gg wp lads. let's keep the pressure mid. awesome fight earlier. care their jungle,0
good job on the kill. let's keep the pressure on mid. ward the jungle please. gg,0
"bot care dragon knight. need wards at rosh. gg, nice push mid. well played team.",0
"lol wtf are you doing afk? you guys are useless, feeding like idiots. report this noob team. ",1
"nice stun lion, let's follow up on that. keep the wards up, we got map control. gg",0
lol this team's a joke. learn to play idiots. no wonder you're losing every game. uninstall now. gg los ,1
"ugh, this AFK idiot ruins everything. it's like playing 4v5. ",1
gg wp. mid coming bot. excellent gank idea. ward river please. we can push high ground now. nice save.,0
"noob stop dying. do you even know how to play this hero? you're so bad, just quit. idk how we can win with you feeding. report this trash. ",1
you're so trash at this game noob. can you do anything right?,1
you guys are such idiots. no teamwork at all. report the fucking noob. wasted time. gg ,1
nice stun pudge. let's push mid after rosh. ward the jungle please. gg wp team,0
"careful bot, they're setting up gank. omw mid. nice ward placement. let's push high ground. well played everybody",0
"Ward the river please. Nice push on bot, Dragon Knight. Let's keep the pressure on mid.",0
"nice gank bot, great shackle. let's push top next. remember to ward high ground, thx. gg",0
"rosh is up, let's go team. i'll ward the river. care mid, gank incoming. gg wp everyone.",0
stupid noob mid. you suck. learn to play dog,1
let's go rosh. omw mid. great team fight. wp all. i’ll buy wards this time,0
"amazing plays team. omw to mid, let's push. ward rosh please. gg wp. ",0
why are you feeding idiot? we lose because of you. report this fool,1
great job in that fight. keep up the pressure. go for rosh while they're down. good teamwork. wp let's push now ,0
"nice bkb usage, lol. why are you even playing? you keep dying like an idiot. report this guy. ",1
"can't believe you guys, this is so easy. you all trash. why you even play dota?",1
nice one! keep pushing mid. I'll ward rosh pit,0
"stop going solo, you idiot. feeding every time. report for afk. useless team.",1
"you’re afk farming again. you useless piece of trash. report for sure, it’s a lost game now",1
nice steal on rosh. gj pudge with the hook. let's push mid and end. gg,0
"noob alch, can't carry shit. report pls. stop feeding idiot. trash game ",1
gj taking rosh. we can end now. keep up the pressure.,0
"come on guys, focus. we can win this. nice gank bottom. push top next",0
ward pls going top. care for gank mid. gg,0
"pudge mid, let's do this. care bot, they are ganking. nice wards dude. gg wp. ",0
"hey void, omw bot. let's gank top next. care for invoker mid. wp team",0
mid missing. nice ward top. gg guys. group and push mid. wp team. someone take rosh. care bot. let's finish this fast! ,0
this invoker noob just ruins game. fucking idiot doesn't know how to play,1
"idiot offlane, why u so useless? trash team, we can't win with this. feed more pls. ",1
careful at rosh guys. let's push bot together. wp on that fight slark. gg.,0
"my god, what a team of noobs. you guys are fucking terrible, report all.",1
why you so bad? don't ever play dota again. useless team feed all game. ffs,1
"care mid, enemy missing. let's take that bot tower next. nice steal, gg.",0
stop dying noob. buy wards idiot. report this game,1
"great rotations everyone, let's take the tower. careful mid, they're moving top. secure rosh and it's gg. good teamwork! ",0
"why feed so much? stop going solo, noob. you're useless this game. focus!",1
are you blind?! why go alone?! trash team,1
ward jungle. pushing bot now. well played invoker. good team fight control,0
"nice gank mid guys. i'll bkb next. care top, i'll ward later. gg wp. push bot when ready",0
lol gg ez. you're all noobs. can't believe you guys feed so much. report you all idiots,1
"stop blaming others, you're the noob. go play a bot match or something",1
"fuck off noobs, learn to play. report him he's a fucking idiot.",1
stop feeding and go afk. you're a trash player. report this noob,1
nice deny. anyone needs courier? let's win this. good job team,0
stop going afk moron. you're such a noob. report teal feeding again,1
"stop feeding you noob. report this idiot. my team is trash, what are you doing?",1
"top is pushing. care for ganks. we're leading, let's end it now, gg friends. ",0
"you're all noobs, stop feeding. fucking idiots, it's your fault we're losing. uninstall dota, afk losers. ",1
"careful slark, they're coming. nice one team. let's finish now",0
"let's gank top after we win mid. well played, let's finish it! ",0
"alright guys, focus on objectives. ward vision is crucial. mid need help, omw there. good job bot, well played!",0
stop feeding noobs. literally useless. learn to play. gj throwing. reported all!,1
3. You noobs are throwing the game. What the hell was that mid feed? Report this idiot. ,1
"hey team, let's ward their jungle and push top. nice one clinkz. gg well played.",0
"3. Care bot, they might gank. Awesome save with the chrono, void. Let's push mid now. wp! ",0
"afk farming jungles while we fight, are you serious? feed more idiots ",1
"6. Noob support, you're so useless. We're losing because of you. Stop feeding and do something. Report this idiot. ",1
"mid is missing. care top, they're coming. let's push bot. gg wp. nice warding. ",0
another noob feeding. you all are idiots. just uninstall dota,1
gj warding. let's push bot now. gg! great game guys,0
amazing play top. we should push now. great save with the chrono. ward the jungle. gg wp,0
"We can gank top after I get my bkb. Nice one, let's push tower. Care mid. Watch out for their Pudge hook.",0
"nice gank mid guys. rosh is up soon, care bot. we should push top next. gg wp",0
"another day, another bunch of idiots. nice feed noob. ur all trash. report all",1
"drow, awesome silence. good save. we can push bot now. let's do this, gg ",0
seriously? learn to play or just quit. you're trash man. ,1
"care mid missing. nice one top, gj. let's rosh and push high ground. well played",0
"noob team, i'm going afk. report this idiot. lost game already. feed more, why don't you.",1
omg stop feeding. you're all trash. report all of you,1
"let's smoke and gank bot, care mid. well played in that fight, keep it up",0
careful with that dive top. need more farm. ward please. gg,0
"you’re useless, stop feeding. why do i always get these noob teammates?! report slark.",1
"well played team, let's keep up the pressure. remember to ward and watch for invis heroes. gg wp all. ",0
thanks for the help bot. nice ults. let's focus on objectives. careful with the gank setups. we got this! gg ,0
"well played, let's push more. careful with their carry. ward up jungle. nice defense",0
gz on the win. that was fun. let's keep it up next match. i'll put a ward bot. wp gg,0
good job team. let's focus rosh now. ward high ground. gg wp,0
"nice stack in jungle. I'll gank mid next wave. Well played, team. Let's push bot tower. gg guys! ",0
"amazing stun by slardar. let's go top for a gank. we need more wards, good job team",0
"are you serious? another death, noob. learn to play or quit. fucking idiot ",1
nice gank mid. we need wards. bkb next fight. gg ,0
let's get rosh and push high ground. watch out for their mirana arrows. gg wp everyone. ,0
well played team. can someone ward mid? let's push high ground. omw. gg wp! ,0
"focus on objective and push. nice stuns, lion. let's rosh while they are dead. bkb next. ",0
"hey team, great plays so far. let's contest rosh. omw with bkb.",0
"you're so bad, uninstall dota please. fucking feeder, idiot report him",1
"awesome team fight guys, wp. bkb ready in 10. rosh is up, let's go. nice save with that chrono. gg wp. ",0
"what are you doing bot, idiot. so fucking stupid. uninstall the game ",1
"awesome rotation bot, now push mid. be careful, they're planning a gank at rosh. gg guys! ",0
"feed more, noob. uninstall dota. you're a fucking joke. worst mid ever, report all. this is why we lose.",1
"let's place some wards around mid and push. nice save there. we got this, gg",0
who the hell does that idiot think he is. you're such a noob stop feeding. report invoker for going afk,1
"6. noob team, seriously? how can you be this bad. report all of you. ",1
"slark, use ult wisely. nice bkb timing. wp guys, let's rosh. gg wp",0
"nice gank mid team. let's push bot now. ward top for more vision. gg guys, well played ",0
"wow, why are you so bad? idiot player going afk. report and just leave",1
"lol you guys are trash, can't even carry a game. report everyone. go afk if you can't play. game is lost. ",1
"hey team, ward please. let's take rosh and then push. nice pick on mid, keep it up. gg wp at the end.",0
gg wp guys. that was a clean game. great rotations. let's play again,0
stop feeding pls. report top afk. learn to play noob,1
mid care they might gank. nice job with the wards. let's push top after rosh. gg wp guys,0
where's the support? y'all are fucking useless. how did we lose that fight? idiots everywhere,1
"mid's feeding, idiot. learn to play noob. stop being fucking useless",1
care bot. they're missing mid. let's go rosh. gg wp,0
nice play team. care for gank bot. let's push mid. gg wp everybody,0
"stop feeding noob. you’re an idiot. can you report this afk please. learn to play trash. why are you so bad. bkb, you’re hopeless. fuck this game. ",1
"amazing comeback, we got this. let's push mid together. nice bkb usage, perfect timing. gg wp team!",0
"gg wp. let's focus on objectives. bkb for next fight? great teamwork, we can win this. ",0
"awesome gank mid, pushing now. good job on those wards. stay together for team fights. gg everyone! ",0
gj team! let's rosh now. ward river. gg,0
good job guys keep pushing. let's control rosh. nice plays all around,0
"awesome game, folks! nice teamwork. let’s keep the vision up. care for ganks mid. wp ",0
"get out of the jungle and help, feeder. you're making us lose. idiot team",1
noob feeder. get some skill. learn to play or quit. report these idiots,1
"trash carry, finally you show up. are you just here to feed? idiot. ",1
stop feeding you fucking noob. report lion afk. trash team. uninstall game,1
nice ward placement. push high ground together. omw mid. care on tp back,0
"come on team, let's push mid for barracks. nice ward placement, by the way. gg",0
fucking feeders everywhere. you're all trash. hope you lose more games,1
"2. omg stop feeding you noob. report this idiot for trolling. you're trash dude, uninstall. ",1
"gg guys! let's play another. care top, they're missing. bkb time wraith king. ",0
"nice steal! i'll push mid, someone ward please. great rosh. gg wp team",0
keep it up guys. nice work top. watch out for gank. mid needs help. gg team,0
are you playing blind or what? wake up idiots. stop feeding already,1
what the hell are you doing? can't believe I'm playing with such trash. report and end this game. ,1
this is so easy. noob team can't do anything. gg ez win for us,1
"great fight guys. let's rosh now. someone bkb please. gg, wp! ",0
i can't carry your sorry asses. learn to play. so useless you are,1
"sure, will ward mid. nice play bot. gg. push top together. careful there. wp team",0
"stop being useless and help gank. noobs keep feeding. nice throw team, report jug. can't carry you guys alone. ",1
stop feeding you idiot. why are you even playing. just uninstall the game.,1
great gank mid! now ward rosh and get ready for next fight. nice teamwork guys,0
"care mid, missing pudge. bkb ready. let's regroup and push. nice heal, thanks. gg wp",0
we need better vision. let's get wards up and smoke gank. Watch out for their bkb. Good job holding high ground! ,0
"care for smoke, they're missing. awesome gank mid, let's take the tower. gg wp. ",0
"bkb up soon. let's push mid. care top. gg guys, wp",0
"5. Mid is missing guys, care please. Good job on the bot push! Let's group and take Rosh. Nice teamwork, GG! ",0
"care mid, invoker missing. let's push bot. nice gg guys. im on my way top. wp team. ",0
"nice gank mid, let's push top now. keep up the aggression! ",0
are you afk mid? stop feeding. gg easy noobs,1
"gg guys, rosh time. ward top pls. push mid after rosh. nice one spirit breaker. well done team, wp all. gg wp.",0
sure we can push mid now. care top they are missing. i'll ward bot. gg guys wp ,0
trash team no wards. learn to play. total idiots here,1
"Care top, they might gank. I'll place a ward near Rosh. Good teamwork, keep it up!",0
wtf is this shit. mid is such trash. worst player ive seen. gg easy game for them. report this clown ,1
"stop feeding mid you noob. get some wards. useless team, always losing the game. report and uninstall. ",1
that was my lane idiot. report this feeding noob. you're trash at this game. uninstall dota please. stop playing. ,1
"go mid and help me ward. nice gank on top. let's push bot together. gg guys, well played. ",0
wtf are you doing mid? you're feeding again. stop being a noob. report this idiot. trash afk. ,1
"8. fucking feeders, learn to play the game morons. no wonder we're losing. IDIOTS. ",1
great teamfights guys. let's group up mid and push. care jungle. well played all,0
"what an idiot in bot lane, you guys are worthless. learn to play or quit",1
stop afk you idiot. we’re losing because of you. noob jungler doesn’t even help. ,1
"typical noob team, feeding all game. what a bunch of idiots! uninstall dotA, noob",1
you're all fucking idiots. uninstall dota. noob team. ,1
what the fuck are you doing? stop feeding you idiot. we are gonna lose because of you. report this noob. trash game. ,1
nice push top. let's secure rosh. bkb up. true sight on mid. great teamplay,0
gj on that gank. we need to be careful bot. can someone ward top? wp team,0
omg invoker what are you doing? noob play. this team is trash. ,1
nice stun. good job. let's secure rosh. care top. gg wp team. well played all,0
"noob support, ward the map. idiot team. fuck this shit",1
ggwp guys. that was an awesome game. ty for wards and great bkb usage. push now and end.,0
nice bkb timing. care rosh guys. let's push now. gj,0
can u stop being stupid? wasting ults all the time. why even play dota if ur so trash ,1
nice gank bot guys. care top they're all missing. wp stay positive,0
"let's gank top with smokes. mid, don't forget wards. nice bkb timing there. good fight, let's push mid hard. ",0
"you're worthless, trash team. report this trash. can't carry this shit. gg, easy for them.",1
gj on that kill. rosh now? ward near pit. keep it up. we can win this. gg wp,0
good luck pushing. let's gank mid. nice job with that fight. gg wp everyone,0
"nice gank bot. let's push mid. ward jungle plz. ggwp, well played everyone",0
who the hell goes afk in the first 10 mins? you're trash. report and uninstall,1
"9. Nice gank, Shadow Fiend! Let's push while they're down. Care, top might be rotating. WP, guys! ",0
nice job with the wards. let's take rosh now. good push on bot lane gg,0
nice double kill. gj on the rosh. let's bkb and push mid. well played team. ,0
why you pick carry if you can't play? noob af. gonna report you for this trash game,1
"nice play top, let's push tower. keep up the good work team, ward more please. ",0
"ward top and around mid. great play guys! gg, let's rosh next. ",0
are you seriously that fucking bad? noob team. why play like this? report everyone. can't win with this trash. afk mid is you?,1
"care mid, they're missing. nice ward. gj on the gank top. bkb next fight. gg",0
"report this afk player. can't believe how trash this is. idiot feeding again. noob mid, what are you doing? uninstall the game.",1
what are you idiots doing? stop feeding mid you noob. report techies for afk,1
great plays guys. let's push top. care behind. gg wp everyone,0
ward bot please. let's push mid. great teamwork guys. gg well played! ,0
"Nice, good job on the gank. Let's keep this momentum. We got this game if we play smart. Watch out for their Invoker.",0
report this noob feeding again. can't even last hit. learn how to play dota idiot. another trash player great. ,1
stop running solo you idiot. noob team. we're not winning like this. report that afk,1
"wonderful game, everyone. let's go rosh for final push. wards on point. gg wp good comms",0
lol nice gank top. baited them perfectly. rosh next? let's group and push mid together.,0
"you all play like noobs. why no help mid. uninstall, you're just feeding",1
mid is missing. good ward placement guys. let's push top now. gg ,0
terrible support. you guys suck. fucking feeding all game. report now,1
can someone ward rosh please. let's push top after bkb. gg guys,0
"keep wards up, they're going for rosh. top needs help. nice stun there! wp team!",0
"Report mid feeding. Such an idiot. Why you playing this game, you're so bad. Noob team.",1
you're trash. what are you doing? afk noob. ,1
"5. Stay safe top, they're missing. Good deward there! Roshan soon, let's get ready. ",0
"top needs ward. let's push mid. nice steal, wp. gg guys. ",0
"great initiation, let's take objectives. care top, enemy missing. well played all. ",0
"nice warding mid. gj team, let's push top. watch out for gank bot. gg, well played everyone. ",0
why so many noobs in this game. you idiots are feeding. report pudge afk,1
you are the worst player ever. stop being stupid. this game is trash with you,1
why the hell would you pick pudge mid? you just feed all game. learn to play or delete dota.,1
"nice gank mid. care top, vision missing. gg team, let's push bot soon. wp everyone, keep it up. ",0
"why even pick that hero, noob? you're just feeding. learn to play or quit the game. ",1
"dumbass, you just fed clinkz. do you even know how to play? report. ",1
"lol, you call that a play? pathetic. report this noob, feeding us. ",1
nice job team. let's push mid. ward please. gg well played,0
"let's gank bot. i'm omw. care mid. keep it up, we're winning. ",0
"report this idiot pugna! so bad at this game. stop feeding and actually help, noob! can't believe these players. ",1
awesome bkb timing. let's push mid. watch out bot for smoke gank. nice teamwork. ,0
"nice plays bot. let's take tower. careful, don't overextend. gj guys, keep the pressure up. ",0
gank mid when ready. omw to rosh. ward the jungle. gg wp team.,0
"you keep feeding mid, idiot. noob team, report top. afk already? this game is trash. stop feeding, morons. what are you doing?",1
"feeding hard, you idiots. your positioning is shit, jug. report all for griefing. done with this trash team. ",1
afk farming jungle while we lose. you idiots can't push. report this noob invoker. feeding all game. such a trash team ,1
"you noob, stop feeding mid. learn to play or go afk. report this idiot. ",1
nice stun lion. let's push mid guys. need wards for rosh. gg wp. care bot. good job team.,0
"gj guys, we got rosh. let's push mid and end. awesome game, wp everyone!",0
are you kidding me? stop feeding. this lc is trash. report him pls. we’re losing because of you. worst team ever ,1
"let's go team, rosh is up. nice job defending mid. we got this, keep pushing top. gg wp. ",0
stop feeding mid you idiot. just go afk if you're gonna play like that. team cannot carry you forever. ,1
why are you all feeding? report this idiot mid. can't win with these noobs.,1
"why u afk? report this idiot. feeding again. worst player ever, go uninstall ",1
nice gank top. bkb ready soon. let's rosh after we push bot ,0
"well played mid, nice bkb. let's gank top. careful near rosh. good job, gg team! ",0
"stupid team, why no wards? stop being afk idiots",1
"nice steal rosh, easy game. care for incoming gank bot. let's push! bkb ready. gg wp ",0
"nice gank mid. let's push bot together. gg wp team. remember to ward river. care with their invoker, he's strong. ",0
are you blind? stop fucking feeding you idiot. report him! ,1
"guys, need to defend top. invoker, great combo! careful for their gank. well done team, gg",0
you guys are fucking noobs. report legion for feed. this game is trash,1
timing on point qop. push bot next. ward in their jungle. nicely done. gg ez,0
report this troll. he goes afk every game. why are you even playing. uninstall dota already. ,1
"4. Nice support, keep those wards up. WP team. Let's push mid now. Care bot lane, though. ",0
"easy mid, let's ward top. gg everyone. careful of that pudge hook. great push bot guys. well-played team!",0
"gj ganking top. let's take rosh. i'll ward near rosh pit. care mid, invoker missing. push out lanes before we group. ",0
can we get some wards near rosh. push mid together. gg well played everyone,0
gj everyone. top needs ward. we can push now. well played,0
wtf shadow fiend stop feeding. report this idiot. you’re all noobs. ,1
that hook was amazing! keep the wards up. gg everyone.,0
"nice ult, lion. good job all, keep pushing bot. care next push, they're up soon. let’s rosh, gg. wp team. hey, need wards at mid.",0
"are you blind or what? open your eyes idiot, learn dota.",1
nice work top. let's secure rosh and finish this. we need wards in jungle. push with me mid after. ,0
"lol seriously, you call that dota? such a noob team, report all",1
"ward river. can we gank bot? nice ult, invoker. push high ground! ",0
fucking useless team. what the hell r u doing bot. report this idiot. gg ez game for them. you're all noobs. ,1
"noob team, stop feed. why am I always with idiots. report pugna, afk ",1
nice save on the tower! ward up and let's take mid. well played invoker! ,0
1. Mid gank incoming. Nice last hit there. Care bkb on Riki. Let's push top after. gg guys. ,0
"5. Stop feeding, noob! You're trash. Why are you even playing this game? Uninstall, please. ",1
"9. Careful with that push, guys. They might gank. Nice defense. Keep it up! GG. ",0
nice kill top. care bot next time. gg wp. ward placed near rosh. let's gank mid. good job on bkb timing.,0
"mid is feeding again. stop being an idiot. I'm reporting you after the game. just leave, noob. ",1
lol you all suck. noob carries. feeding again. gg they got easy win. ,1
great push mid. keep applying pressure. bkb next. ,0
afk mid reported. moron. we lose because of you. learn to play. ,1
"seriously, do you even know how to play? such an idiot feeding all game. go afk and uninstall. ",1
you fucking noob. don't feed slark. report him afk,1
"oh great, another afk. team can't even push properly. report these trolls. useless, fuck this game.",1
report slark for being afk. this team is full of idiots,1
"mid no vision. smokes ready, let's surprise them at rosh. nice rotation last fight. gg guys.",0
idiots everywhere. why feed? uninstall pls ,1
you suck so much dude. what a noob. feed more ,1
great save there pugna. bkb next time pls. let's gank mid. nice one top. wp bot,0
ward pls on rosh. we need vision. omw bot for gank. gj team. keep pressure gg,0
come on guys we can do it. rosh is up soon. remember to ward. push high ground when ready. gg wp ,0
great stun pudge. let's push top. well played everyone,0
stop feeding noob. go afk if you can't play. report this trash. ,1
ward mid pls. care bot! pudge missing! gg guys wp. nice push!,0
"amazing game! let's end this fast. care mid, missing heroes. gg wp",0
"stop feeding mid, noob. we can't win with you",1
idiot why did you pick Pudge? feeding all game. report him afk trash. easy loss 'cause of noob ,1
i'm done with these noobs. learn to play. ,1
gg well played. congrats everyone. amazing gank top. make sure to ward the jungle,0
what a noob. can't play. report and move on. stop being afk. gg trash game. ,1
idiot stop feeding. you're so fucking bad. report the noob team. gg ez game,1
"gg wp team. Let's push mid. Care bot, they are missing. Nice warding guys. Rosh is up soon.",0
afk farming whole game idiot. stop being trash. noob team can't do anything right. ,1
you're all noobs. why play dota if you're this bad? uninstall please. feeding enemies are you stupid?,1
good rotations there. let's smoke and gank. ward is crucial top. wp,0
careful with their ganks. ward jungle please. solid game so far. ,0
"stop stealing my farm idiot. reported for griefing. noob team, this is your fault",1
afk? really? idiot sf. uninstall team. feeding the enemy. report this clown. so bad. ,1
"bot missing, care. nice work top. let's take rosh. defend mid please. gg wp team. ",0
"ward pls. nice save. gj on the gank bot. mid's vulnerable, push it. well done everyone. gg. love this team! ",0
"mid is missing, careful. we can push top after this. nice job with tower ",0
"what are you doing afk support. this is why we lose games, idiot. going to report you",1
great job with the wards! let's gank bot. push now! we got this.,0
nice bkb usage. let's go for objectives. care top. gg ,0
dumb teammates. why even play if you feed? report this trash,1
why u so bad invoker? report this trash. feeding all game. uninstall dota. what are you doing? ,1
wtf are you doing top? stop feeding you noob. report the afk invoker. idiot team.,1
"ward the river and let's rosh. amazing job with that stun. care top, they're pushing hard. wp team. ",0
great job on that rosh. let's push mid and end. gj team. this game is ours. ,0
"stay together, stop going alone noobs. you're such an idiot, never play dota again. fuck this team",1
stop feeding mid you idiot. uninstall game noob. why so trash today,1
"omw mid for gank. nice hook pudge. care bot, they might smoke. wp. let's take that tier 1. ",0
"wtf mid, you noob. stop feeding. report that idiot. learn to play or afk.  ",1
good push mid. let's gank top. bkb up soon. put wards pls. good job team. gg,0
"stop feeding dude, you're such an idiot. report pls. this team is trash",1
"great work top guys, keep it up. let’s take rosh after this. wards are up. gj, push bot and end",0
push mid guys. care top. rosh is up soon. let's ward jungle. gg wp team,0
"what a joke. can't believe this trash team. uninstall the game, useless noobs. ",1
"good job with the saves, omw to ward bot. after we push top, we got this. gg",0
"mid is feeding again, report him. you guys are fucking idiots. uninstall already.",1
"careful bot guys, they’re missing. let's regroup mid for a push. nice play, let's keep it up.",0
"gg wp. nice moves pugna. let's ward jungle. teamfight mid, we got this",0
"push mid guys. watch out for ganks. nice, got the tower. bkb ready, let's fight. wp everyone, gg. that was a clean game, gj.",0
"gg wp guys. nice teamwork. let's push mid and end. care bot, they might gank. bkb up in 10. good job everyone!",0
"nice rotations bot, keep it up. pushing mid now. got rosh, lets end this game. wp guys. see you next match!",0
stop feeding you idiot. can't believe this team. play dota or uninstall. report this guy afk. ,1
"seriously, stop feeding and learn to play. noob team. report them all for intentional feeding. ",1
"terrible game, you're all trash. have you ever played dota before? report clinkz afk farming. such a noob team. ",1
wtf are you doing sf. stop feeding you noob. learn to play. trash team. report invoker.,1
perfect timing on that stun. ward jungle pls. rosh coming soon. well played. ,0
"you're so bad, always out of position. noob team, done playing with idiots. report and move on. ",1
nice gank top. omw to help mid. let's push bot after this. care their bkb,0
"4. you guys are so fucking bad. why are you all afk. feed more pls, idiots. gg easy. ",1
good game team! well played supports. keep up the wards and let's push bot for mega creeps.,0
"push mid, we got this. good job guys. keep up the pressure. gg wp. ",0
wtf are you doing afk? trash team omg. how did you miss that!,1
"care top, enemy missing. good job on the mid push. bkb next fight please. gg team effort. wp all ",0
"watch out mid, bkb ready. push after rosh. gg",0
"great ganks top. we should rosh soon. care mid, they're pushing hard. wp all",0
you are so bad. why feed again? stop dying noob. go afk already. can't carry this team of idiots,1
this team is full of noobs. so bad smh,1
gj with the wards. let's group and push high ground ,0
trash team. can't believe this shit. report every one of you. bunch of noobs. i'm done with this game,1
"ward river please. care top, slark missing. push mid with me. nice job!",0
"you’re seriously all useless. feeding and afk. no wards, no map control. report this team. ",1
"wtf are you doing? noob team, lol. gg ez. stop feeding. report this trash player. ",1
10. What a trash team. You're all idiots and can't play for shit. Report this noob for feeding. ,1
"good gank bottom. care top, missing. let's push bot. ward near rosh please. nice bkb juggernaut. keep pressure mid. gg. wp guys.",0
you all suck. lost because of this feeder. report invoker. uninstall please,1
"gg everyone, solid game. let's ward top for safety. nice rotation mid. keep the pressure up ",0
"stop going afk, idiot. you're such a noob at this game. you're feeding too much, report purple. ",1
"stop farming jungle all game, useless carry. noob team, can't even defend high ground properly.",1
stop feeding noobs. learn to play. you're all trash. report this team. useless idiots. uninstall the game,1
"afk farming while we fight? you guys suck. report mid, plays like shit. go uninstall.  ",1
"great plays, keep them on the backfoot. time to rosh. protect our carry. gg. awesome teamfight synergy",0
"gg guys, nice teamwork. care for rosh, omw. good push, let's keep it up.",0
nice gank mid. we can push top now. keep it up. watch for rosh. gg team. bkb ready.,0
"how hard is it to not feed? ugh, noob players ruin every game. report and uninstall pls. ",1
"why would you go afk now? report him, he's trash. noob team, don't know how to play. this is so fucking bad. ",1
omg why didn't you bkb? you're an idiot. no wonder we lost this game. report,1
you're all a bunch of idiots. no one knows how to play right. why do we have no wards? report this feeder. ,1
"awesome ulti, pudge! keep it up. let's rosh when ready. nice game so far",0
"nice hook pudge! we should rosh soon. great rotation top, let’s take that tower. wp",0
coming mid for gank. nice ward placement bot. let's push top now. gg wp team,0
why no wards. you're all noobs. stop feeding. idiot carry. report lion for afk. ,1
"gg easy. nice plays everyone! rosh in 5, be ready. ",0
why play dota if you don’t know how. idiot mid can't even farm. report. trash game. ,1
"gg ez game. ward for rosh please. push mid when safe. great teamwork, we're doing awesome. ",0
"noob team, uninstall pls. this is trash, can't carry you. wtf are you doing bot? go feed somewhere else.  ",1
"careful top, they might gank soon. let's ward jungle. great job on that push mid, keep it up. gg! ",0
"Trash supports, no wards all game. How did you lose mid so badly, idiot?",1
"8. LOL, you're all so bad. Can't believe I'm in this match. Feeding and no map awareness. Trash team. ",1
"nice play, slark. let's focus on objectives now. we can win this",0
rofl that dive bot was crazy good. keep up the pressure on top ,0
what are you doing. you're so fucking useless. get out of my game noob. fucking afk trash. ,1
"idiot carry, you suck. why u afk farm? team lost cause of noob plays",1
nice gank top. keep it up team. gonna ward river. careful bot. gg wp. ,0
let’s ward the jungle. omw to gank top. nice ult dude!,0
"10. What are you doing, you idiot? You just cost us the game. Noob plays everywhere. Report this moron. ",1
"mid is feeding again, what an idiot. do your job you noob",1
"gank bot now. wtf you guys doing, stop feeding. report this idiot already. ",1
wtf are you doing? noob team. can't carry this alone. report invoker afk trash.,1
"you idiot, why are you solo rosh. trash team",1
"great work team, keep the pressure. mid needs help. don't forget wards!",0
are you blind? stop feeding top you idiot. report this noob. worst game ever,1
afk or what? useless carry. your bkb timing is trash. hope u get reported,1
are you stupid? mid was open and you feed. uninstall noob,1
"come on, let's push bot, we need more vision. care mid, gg wp",0
"stop feeding, idiot. report this trash invoker. gg easy lose. you're all pathetic.",1
gj team. let's push bot together. ward rosh pit please. gg,0
seriously? you guys can't even defend mid. get gud or quit. useless team. ,1
"you're so bad, playing like a trash bot. just quit already. idiot. ",1
nice warding team. let's push top next. gj on that gank bot. gg wp all,0
mid is lost cause of you. why play if you're trash? report this feeder. ,1
good job with the wards. care for gank mid. let's take their towers now,0
"ward river please. gj with that tower. keep it up, team. care for the gank in bot. gg ",0
good job team. we can win this. care top. nice push bot. keep it up. gg,0
you're all useless. why did you pick that hero. idiot players every game,1
good job with that bkb timing. let's push bot. careful bot missing. well played team,0
"noob team, stop feeding. mid is lost because of you. report sniper for afk. trash game, u all suck.",1
nice ward mid. push tower bot. gj team. careful top. gg wp ,0
"are you fucking serious? how bad can you be? stop being an idiot and help the team, noob",1
"focus on towers, all mid. I'm on my way. gg well played ",0
"stop feeding noob, learn to play. you're trash just afk pls. what an idiot. report this guy",1
"great gank mid, let's keep the pressure. don't forget to ward roche. nice save, thanks. gg well played!",0
this tidehunter is a joke. can't even land a ravage. do you even play? ,1
let's push mid. nice ward. gj team. i'll deward bot. gg everyone! ,0
omw mid. bkb up soon. let's rosh. gj on the kill. well played team. push now,0
"just quit the game, you're so bad. fucking noob. mid is trash, report that idiot. ",1
good job on rosh. now push mid hard. let's get top tower too. gg wp,0
"wtf are you doing? feed more noob. report this clown. afk mid, what a joke. trash game ",1
you're all fucking noobs. can’t believe this team. afk farming while we lose. idiots. this is why we lose. ,1
"you idiot, why you feed mid. we lose because of this. uninstall noob. ",1
mid gonna gank bot soon. ward up pls. push mid after. nice job team! gg wp,0
"great save omni. keep the pressure on top. we got this, gg wp. ",0
nice job on the gank! rosh at 10. let's push top soon. wp team!,0
hey noob stop dying. lol what are you doing. learn to play the game. joke team,1
"gj team! push now, they're down. omw to help top. gg wp",0
great stun lion. wp everyone. we got this if we push ,0
ward mid please. care bot. gg wp guys. push top now. nice save huskar. gj everyone. let's rosh soon,0
"wtf are you doing, retard. noob team. don't play DOTA again you're trash. report all of you. ",1
quit feeding noob. you suck. report this trash invoker. why u afk?,1
don't feed idiot. you're so bad report. noob play. go afk pls. useless team.,1
wtf are you doing mid? useless. noob feed. just quit idiot. gg trash team.,1
"great teamplay guys. let's group up and push mid. careful bot lane, need wards there. gj on the gank. gg wp team. ",0
lol this team is a joke. afk jungle all game? why even play? ,1
"bot lane push now. care mid, we're missing vision. gg guys, wp. gj top. i'll place a ward. nice assist. push mid for rosh control.",0
"ugh, noob mid. can't you see map? team of idiots. ",1
"someone ward rosh pit. on my way top. gj all, keep pushing. well played, nice team fight!  ",0
"hey invoker, nice gank. pushing bot now. let's ward for vision. gg team! ",0
"gg wp team. hold back, I'll gank mid. nice job slark. let's get rosh. wards up please.",0
"awesome sunstrike, well played invoker. let’s keep pushing mid. cover top with wards please. gg wp",0
afk? you all suck. noob team. report pudge. you all are idiots. ,1
sure. let’s push mid. nice job guys. gg wp,0
"here comes the enemy, pay attention. why u feed? go see a guide, idiot.",1
good rotation top. let's keep the pressure on their offlane. ward the river please,0
stop going solo idiot. you're trash at this game. report slark for feeding. ,1
why didn't you bkb? such a trash player. will report you after game. feeder.,1
"ward river please. push mid. nice one team. care top. gg, well played guys",0
this team is trash. you noob why feed. report all of you. idiots afk when needed,1
omw mid to help. care bot lane. nice warding team. gg wp everyone,0
"wp team, nicely done. let's take rosh. care top, they might gank. push to high ground after ",0
lol this is a waste of time. can't win with an afk noob. report void and riki. learn to play or quit.,1
"careful mid, invoker missing. let's gank top. rosh up in 2 mins. gg wp team ",0
fucking noobs. you're all trash. stop feeding. report these jokers. uninstall pls,1
"are you kidding me? such a noob team, all feeding. report this game. dota is ruined by idiots like you. ",1
"idiot mid, can't even last hit. noob feeding again. what's your problem",1
wtf you noob. stop feeding. you're fucking useless. report this idiot,1
"gg ez mid win. nice bkb timing. care bot, they're missing. let's push.",0
we got this. keep up the pressure. nice gank bot. bkb up,0
"wp bot, nice gank. care top, missing pudge. let's push and end. gg. ",0
"good job staying alive top. team, nice coordination. we need more wards near rosh. push now.	gj guys. ",0
good job on that gank. let's ward jungle. gg guys,0
you guys are terrible. how are you so bad at this game. absolute trash players. I'm done. ,1
just ff already noobs. can't believe this trash. report purple afk,1
nice gank top. gj guys. let's push bot together. care incoming bkb from axe. gg,0
"3. I'm warding top. Let's set up a gank on Rosh. Nice ult! Keep it up, team. GG, well played. ",0
"wtf r u doing, noob invoker? stop feeding! idiot, just report him",1
noobs feeding as usual. why do i always get the worst teams? report this garbage team. so bad,1
Noob mid again. Stop feeding you idiots. What are you doing bot? Just uninstall. Report this team.,1
"gj on the push bot, keep pressure. i'll ward up high ground. we win this easy, gg nice play. ",0
"bkb ready, let’s fight. care mid, they might gank. nice team fight, gg wp",0
"stop running around like an idiot. you suck at dota, just quit. i can't believe this feed. ",1
how did you die to that. seriously afk farming jungle while we fight 4v5. report this clown,1
great job with that rosh. let's stick together and push mid. gg team,0
"no support and you call yourself a team player, idiot. report this noob",1
"gj team, keep pushing bot. we need wards up. nice bkb usage. haha gg",0
"can someone ward rosh? nice push top. care mid, they might gank. gg wp guys",0
ward the jungle please. we can push bot. gj on rosh. ,0
great teamfight guys. keep it up. let's rosh,0
"nice teamwork guys, keep up the pressure. ward their jungle please. wp",0
good gank top guys. let's push bot tower next. bkb up soon. keep the wards up. gg.,0
"wtf are you doing you noob? stop feeding mid, idiot. report this trash. useless team.",1
"let's smoke and gank mid. great teamfight guys, push their towers now. gg well played",0
"well played team, awesome combo! let's finish this, gg. careful with the ganks. nice warding, supports. ",0
nice job with the wards. bkb next item. omw mid. gg wp team. ,0
stop feeding noob. why you always afk? report this trash player. you guys are idiots ,1
"mid noob, can't even stay in lane. trash team. report bottom feeding. why play this game? ",1
"gg guys, great teamwork. keep it up. nice push. let's secure rosh",0
"ward bot pls. coming mid soon. gg wp team. let’s push top. care, they’re missing. nice job all.  ",0
mid coming to gank. nice ward placement btw. push bot after. ggwp team,0
idiots bot. stop dying solo. what a bunch of noobs. you're all trash. this team sucks. ,1
"great gank top, now let's push the tower. gotta stay grouped. play smart, gg!",0
well played slark. top push next. keep vision with wards. let’s win this! ,0
OMG stop dying all of you. Why no wards? You are all so trash. Just go afk already.,1
nice gank top! let's keep the pressure. check wards pls,0
"you're such an idiot, feeding non-stop. report this noob. game is over",1
"why are you afk. feed more noob. uninstall the game, idiot",1
bot lane is lost. report lion for feeding. what are you doing idiot. noob team. it's gg already,1
"everyone care top, they might gank. keep up the pressure, we got this. gg wp team.",0
omg why are you all so bad. stop feeding idiot. can you play or are you just trash. report this noob please. ,1
"wtf team, why no wards. stop feeding noobs. report you all",1
"Come on, stop feeding you idiots. How many times do I have to tell you, noob.",1
"idiots, why are you all feeding? uninstall pls. ",1
stop feeding noob. you're trash man. report this idiot. play properly ffs. don't get caught again. what a joke ,1
afk team. wtf is wrong with you idiots. stop feeding and actually play. report this trash. ,1
careful mid. nice push bot. let's take towers. stay positive team,0
you suck so much. can’t believe this trash. report invoker afk. stop feeding bottom,1
let's go mid and end. care for ganks. bkb ready! gg wp,0
stop feeding bot u idiot. learn to play,1
report this idiot. going afk. useless team. ,1
"noob support can't ward properly. report him after game. seriously, you trash.",1
"Wow, AFK again? You should uninstall your game, noob. This team is full of idiots.",1
just die you fucking idiot. we could have won but you're useless. learn to play!,1
"great teamfight there. nice heals, keep it up. push top while they’re down. gg wp. ",0
nice hook pudge. let's kill rosh. good team fight. wp everyone.,0
amazing gank bot guys. let's rosh soon. care invis. great wards mid. gg well played,0
"careful, enemy around rosh. let's go mid and push hard. nice setup on the gank. wp, gg team ",0
what a bunch of noobs. stop dying. you're all trash. report team,1
well played everyone. nice stuns. let's keep up the pressure mid. gg,0
careful bot. i'll ward top. great gank. keep pressure mid. bkb ready. gg,0
wtf are you doing mid noob. you're so trash. report this idiot pls,1
nice gank mid. good job team. let's get rosh after this. wp ,0
gj taking mid tower. nice setup. we should push high ground now. gg!,0
stop feeding noob. you’re such an idiot. why no ward. report this trash,1
wtf are you doing? you're such an idiot. learn to play noob. report mid this is unbearable,1
what are you doing up there? this team is trash. you guys are fucking useless. why am I stuck with idiots?,1
"stop feed, noob. do u even know how to play? report this idiot",1
omg learn to play. ur all idiots. gg easy report the feeder trash. don't push alone u noob,1
fucking useless team. no wards. no ganks. so trash every game. report mid for feeding.,1
"watch out for clinkz, he's fed. we'll win if we push together and ward carefully. keep it up!",0
"learn to play or just uninstall. you're an idiot. stop going afk, report him",1
"you trash player. why feed. learn to play. report invoker, feeding like a noob ",1
"mid, you're such a fucking noob. lose the game because of you. report this idiot already",1
"careful top, they're missing. nice save venge. gg wp! let's take barracks next. ",0
wp guys! that was a nice gank mid. I'll get bkb soon,0
"awesome gank bot, guys. let's keep the pressure on. rosh is up, should go for it next. gg everyone",0
stop feeding and do something useful. fucking idiots all of you,1
bkb up guys. care for their gank. wp lion. let's keep pushing mid. great teamwork. gg,0
ward top please. invoker care. gg wp,0
top needs wards guys. care for gank bot. gg well played. let's push mid. nice team. ,0
you fucking noob. what a joke. team is trash. gg afk ,1
"push bot together. nice work with the wards. care mid, they're missing. gg wp guys. gotta rosh soon. ",0
ward mid please. coming bot soon. nice gank top guys. gg wp!,0
"omg you're such a noob, can't even last hit. stop feeding and go afk. report this idiot for ruining my game. ",1
afk mid useless. you are so bad it hurts. report this idiot,1
everyone group for rosh. we can take mid after. awesome teamwork! gg,0
"pushing bot now. on my way mid. keep eyes on rosh. great teamwork, gg!  ",0
"stop feeding mid, idiot. why are you even playing this game? report this noob pls. such trash plays, gg afk",1
"unbelievable, you guys suck. why am i stuck with feeders? report this afk idiot. uninstall dota ",1
what's wrong with you guys. report their carry and win easy. you're all trash players. ,1
"gg team, wp. care for the bkb on clinkz. nice wards this game! ",0
"ward please, I'm getting ganked. gj on mid push. let's win this, gg. omw to help bot. ",0
awesome gank top! care mid invoker mia. bkb ready. let's rosh. good plays. we need more wards around jungle. push with aegis ,0
"what are you doing, idiot? stop feeding! report this afk noob",1
bot missing. pushing top hard. nice gank bot guys. can we ward rosh? let's take it. gg wp,0
what is this fucking team? useless and feeding constantly. report pudge for afk. you idiots are wasting my time. ,1
"stop going solo, noob. such an idiot, feeding nonstop. can you even play dota? report! ",1
report this trash afk jungle. noob mid lost us the game. so fucking bad,1
stop feeding noob. report you. play the game idiot. trash team,1
"ward jungle please. nice ulti rexxar. we got this. gg guys, well played ",0
"nice hook pudge. let's push top. great job!. careful bot, they’re all missing. gg team. ",0
keep the wards coming. nice rosh steal. let's end this now. gg wp. ,0
"mid lane covered. nice gank bot. we got this boys, push mid. gg wp",0
you guys are useless. stop feeding noobs. report this shit team. idiot afk like always,1
learn to play you trash. why are you afk? report this team of idiots,1
"2. Stop feeding you noobs. Can't believe you're so bad at this game. Jesus, just uninstall already. Idiots everywhere. ",1
"nice gank on bot, let's push now. need wards in their jungle. care mid, top is missing. gg wp! ",0
perfect bkb timing there. nice push bot. let's ward and go for rosh,0
nice play team. omw mid for gank. let's push bot with bkb. care rosh soon. ward please. gg wp team ,0
are you kidding me? report that afk jungler. noob can't even farm. trash team.,1
great job at rosh. let's push mid and end this. bkb ready. gg guys.,0
what's wrong with you? stop diving and feeding like an idiot.,1
report this noob offlane. feeding all game. uninstall you idiot,1
"push mid together guys. nice warding there. care bot, they're missing. gg wp",0
"wow, no wards. you're useless. stop being an idiot mid. gg, what a waste of time.  ",1
stop farming and help you idiot. we are losing cause of you. noob team,1
well played mid. let's push top. can you ward jungle. gj on bkb timing. gg. ,0
gg ez. you guys are afk or what? no team play just fucking ruiners ,1
"well played legion, that was a great duel. keep it up bot. let's push the tower",0
stop feeding you noob. why are you even playing? idiot. report this trash player,1
you guys are trash. feed more. report mid for afk. such noobs. uninstall pls. ,1
"jungle's clear, omw to mid. nice gank! care bot now. ggwp team. ",0
wtf are you doing? you're such a noob. go afk and uninstall. trash player,1
"noob sf, learn how to play mid. fucking useless, just go afk already",1
bot just fed again. omg idiot. go back to playing tutorials. report please. can't believe this clown. ,1
"care bot, they’re probably ganking. great teamfight. bkb time! wp everyone",0
"Hey man, good save! We gotta push now. I'm getting wards for rosh pit. GG, well played team!",0
"mid's getting tough need help. care top, they might gank. wp team lets keep it up. ",0
"wtf are you doing? bkb next time idiot. learn to play the game. this team is trash, report all ",1
ward mid please. care bot guys. nice push top. gg,0
you’re such an idiot. stop going afk. noob team. feeding so hard. nobody wards. uninstall dota ,1
gj top lane. let's push their base. care for rosh. keep up wards. gg wp. ,0
"good gank mid. let's push now. care for top, they're rotating. wp everyone, keep it up.  ",0
typical noob mid feeding. why are you even playing? uninstall dude. hope you get reported ,1
"what are you doing mid, idiot. can't believe this team. report you all. stop feeding. ",1
"Great save there. GG guys, very well coordinated. Let's secure the next Rosh.",0
"mid's missing, care top. rosh soon? gg",0
"omw bot, calm down. secure kills, nice. gg guys",0
wtf are you doing? trash team. uninstall the game.,1
omw bot for gank. nice ult enigma. let's rosh guys. great push top. this is our game. gg wp.,0
"careful top, they're missing. great bkb timing! let's push after rosh. can someone ward the jungle? ",0
"sure gg wp team. need a ward mid plz. watch out top, they might gank. push bot after we get rosh. nice job everyone. ",0
"bot lane needs help, idiot feed more. gg easy this team is trash. uninstall pls",1
stop feeding noob. you're so bad at this. report that idiot please. learn to play or uninstall. afk? really?,1
gg wp. we did well mid game. need more wards. next time better communication. nice one guys,0
ward the river and push mid. nice bkb usage. gank top after rosh. solid play. gg ,0
bkb soon then we rosh. gj securing top. careful they're missing. wp guys,0
"this noob invoker feeding again. trash team, so fucking stupid",1
my team is full of idiots. you're all feeding. report this trash drow. afk bot,1
"wtf are you doing? stop dying, feed less. learn to play noob",1
well played guys. nice warding. let's end this with a push. gg wp. careful bot.,0
wtf are you doing noob? stop feeding. report this trash player. your mid sucks,1
"mid is free. gonna need gank top. gg guys, keep it up. bkb ready, let's take rosh.  ",0
nice gank mid. let's push top for tower. care for rosh. don't forget wards. good job team,0
"you suck, uninstall the game. how can you feed so much? we're losing because of this moron. ",1
"2. Can you ward the jungle, please? Good job on that rosh. Keep it up! We can win this. ",0
well done. let's rosh now. bkb ready. ward top pls. gg guys,0
"why are you feeding? stupid team. report invoker for troll. trash game, better luck uninstalling.",1
you're so trash. just play bot games. uninstall pls,1
going bot to gank. nice ward placement. we should push mid. gg guys well played. ,0
lina go mid. nice stun! let's push bot. care top. gg guys wp,0
why do you even queue? legit useless. report this clown.,1
"mid is mine, don't gank bot without vision. i have a ward. nice job team, push mid now. gg wp",0
"you're fucking useless, noob. stop feeding and actually play the game",1
what the hell are you doing mid. are you blind? play better noob,1
how can you be so bad? learn to play the game. absolute trash afk,1
ward placed. let's go mid. push with aegis. good job guys. let's finish this,0
why u no help mid. feeder omg. report noob,1
"care mid, invoker missing. good job nice kills everyone. we got this ",0
"Stop going alone, idiot. You're just making it easy for them. What a feed.",1
stop dying like an idiot. such trash gameplay. you're making us lose,1
"wtf are you doing noob. feed more, why don't you. idiot mid. report this afk. stop being trash. gg ez",1
"stay together, push bot hard. great teamfight just now. bkb and let's finish this. gg wp ",0
you're all noobs. what a joke. terrible players. gg easy,1
can't believe this feed. total noobs. why even play dota? report antimage ,1
"stop feeding, you freaking noob. play safe or go afk. i can't believe this team. ",1
"coming bot, care please. gg wp team. push mid when ready. let's ward and win this. nice play! ",0
stop feeding and blaming others. you're the reason we lost. just quit dota,1
get out of my lane noob. report this idiot. why are you even playing? you feed too much. uninstall dota bad player. ,1
"7. Can we get some wards? Care top, missing heroes. Let's keep up the pressure, team. ",0
"let's wait for bkb then push. nice save, man. we got this. gg",0
"push mid, bkb ready. ward jungle please. nice teamwork guys. gg wp. ",0
gj with the bkb. let's push and end. gg,0
nice job team. let's group and go mid. don't forget to ward. gg well played guys. ,0
"rosh up soon, let's go. ward river, we can pick them off there. awesome game",0
"nice stack. let's rosh after we push. care top, no vision",0
ggwp everyone. that was a nice game. we did great. ,0
"sure team, let's push mid. need a ward on rosh. nice job diving bot. gg guys, wp.",0
mid is missing. rosh is up soon. let's push bot. omw with wards. nice gank team. gg wp ,0
good game guys. let's focus mid. care for rosh. push as a team for gg,0
gj on that invoker snipe. care for mid gank. let's push bot after,0
"i'm going mid, care top. nice push bot. gg guys. we need more wards. bkb next. wp team.",0
good job bot lane. ward around rosh? let’s push top next. ,0
lol you're such an idiot. can't win with these clowns. so fucking dumb.,1
are you afk or just dumb? stop feeding. you idiots can't even play properly. ,1
pushing mid now. ward please. nice gank bot. gg wp team,0
"bkb up soon, let's go mid. care top, Zeus is missing. gg everyone!",0
"come on noobs, why are you even playing? you're all feeding. fucking idiots.",1
noob stop feeding. mid is lost bc of you. idiot ward the map. can you stop going afk? trash player ,1
ward top pls. mid missing. care bot. gg wp,0
"way to go team! let's rosh now, then push top for the win. gj everyone",0
what a noob team. feeding all game. go play something else. fucking idiots,1
"bot missing, care for gank. good job team, let's push mid now. bkb up, ready for the next fight",0
stop being such a trash pugna. seriously wtf with your feeding. report this fool,1
come on team we can push mid now. nice warding bot. i'll go bkb next. gg wp,0
"nice hook pudge, let's push bot together. hey slark, can you ward top? gj team.",0
"what a joke, uninstall dota noob. how did you feed slark so much? ",1
"mid feed again, report storm. noobs are everywhere. wtf are you doing? stop feeding my lane. fucking afk top, gg idiots.",1
"7. Don't forget to ward the jungle. We're doing great! Let's keep the pressure on top. Nice push, GG! ",0
"quit running in 1v5, idiot. are you blind or just stupid? report this noob. such a trash player",1
"nice ward top. let's push mid soon. gj team. care bot, maybe gank. wp boys ",0
noob team why you feed so much. you guys fucking trash. report void afk. this game is over. ,1
"bot needs warding, heading mid. nice push top. gg guys, wp ",0
"gg wp team. nice job pushing bot. let's get rosh next. care mid, they're missing. awesome backdoor. keep up this play",0
"good game all, push high ground now. let's end this strong! ",0
"9. Good job offlane, dominating the lane. I'll tp bot to help. Nice push everyone. ",0
omg you're all so bad. report this idiot feeding. get some skills noobs. ,1