messages,labels
gg team well played,0
can u not feed pls,0
stfu noob ur trash,1
ez game haha gg,0
why u so dumb dude,1
lol u guys suck,1
great job on rosh!,0
report this idiot,1
haha u got owned,0
fucking useless team,1
gg ez game,0
yo why u so toxic?,0
fckn noob team,1
haha well played guys,0
you all are dumb,1
this dota match is intense,0
stop feeding retard,1
wtf are you doing?,1
ggwp everyone,0
just report him pls,0
gg wp team,0
"you fucking noob, uninstall",1
"well played guys, good game",0
this retard invoker again,1
haha we got this ez,0
"stop feeding, idiot",1
"nice moves, let's win",0
report this dumbass feeder,1
lol that was fun,0
"useless team, just quit",1
gg wp team,0
you fucking noob,1
hahaha nice play man,0
why u so bad?,1
teamwork makes it easy!,0
"fuck this game, idiots",1
wow that was close lol,0
ur such a retard,1
gg well played guys,0
u dumb fucking retard,1
"ggwp guys, was awesome!",0
"you fucking noob, uninstall",1
"haha that was fun, nice plays",0
"retard team, can't play at all",1
wp! let's do this again,0
"fucking shit player, learn dota",1
"nice one dawg, love ur plays!",0
"idiots everywhere, so stupid",1
"lol gg, well played all",0
motherfucker doesn't know how to mid,1
"gg wp guys, close one",0
"you fucking noob, uninstall",1
haha nice play team!,0
report this retard pls,1
"lol, can't believe we won",0
you are a dumb fuck,1
"easy game, well played",0
"fuck off, idiot",1
"that was a fun match, gg",0
"haha, your team is shit",1
gg guys well played,0
fking noob team wtf,1
haha nice one void,0
stop feeding pls,0
fucking moron report him,1
the game is so easy lol,0
retard play better,1
gg wp mates,0
shit dota players,1
you guys rock!,0
gg wp team,0
wtf u doing noob,1
hahaha nice play guys,0
why you feed retard,1
amazing clutch at mid,0
stop being useless idiot,1
this game is fun,0
you fucking suck,1
"wp, let's push now",0
report this motherfucker,1
gg wp everyone,0
lol u fuckin noob,1
haha nice play team,0
wtf are u doing retard,1
easy mid thx guys,0
can u not feed pls,0
u play like shit idiot,1
just report this trash,1
great game well played,0
stop being a toxic fuck,1
gg wp team!,0
"u fucking noob, uninstall",1
haha nice play mid,0
report this retard pls,1
"easy game, well played guys",0
"wtf are you doing, idiot?",1
good luck have fun all,0
you guys fucking suck,1
hahaha nice try enemy team!,0
u dumb piece of shit,1
gg easy game,0
you are such a retard,1
haha that was fun lol,0
fucking noob cannot win,1
"nice play team, we did well",0
stop being a dumbass idiot,1
gg wp everybody,0
your dota skills are shit,1
haha gg let's play again,0
fucking russian noob,1
"Ezz game, wp all",0
Yo stop feeding noob,1
Haha nice play there,0
Fucking retard cost us game,1
You guys are awesome!,0
"Lol gg, what was that?",0
Your just a dumbass,1
Wow gg well played team,0
Report this idiot please,1
"GG wp, good team",0
"gg wp team, nice plays!",0
wtf u doing u noob,1
haha good job on the win,0
stop feeding u dumbass,1
ez game gg,0
wtf are u blind retard,1
"you were awesome, well done",0
fuck this game full of idiots,1
"nice try, let's win next one",0
what a shit team,1
gg guys well played!,0
ez game haha,0
you fuckin suck noob,1
why you so bad?,1
lol gg wp team,0
"go play another game, idiot",1
haha nice comeback team!,0
fucking useless retard,1
good game let's queue again,0
you are all trash,1
"gg wp guys, well played",0
stop feeding you fucking noob,1
that was an easy game haha,0
"yo team, we got this, stay cool",0
wtf r u doing retard?,1
"nice one, you saved the game",0
can u stop being a dumbass?,1
haha we wrecked them hard,0
"go take mid, I'll support you",0
"you piece of shit, uninstall",1
"gg wp team, well played!",0
what a bunch of noobs,1
haha good game guys,0
report this retard pls,1
easy win lol,0
u fucking suck dude,1
"nice play, carry us to victory!",0
fucking russian morons,1
hahaha we got them good!,0
shut up idiot,1
I'm done with this shit game,1
gg wp team! that was close,0
"you retard, learn to play",1
omg our pugna is amazing,0
fucking stupid noob team,1
"easy win guys, nice job",0
why the fuck are you so dumb,1
"hahaha that was fun, gg",0
noob russian ruin game,1
"well played, let's do it again!",0
"gg wp team, well played!",0
you guys are fucking useless,1
haha that was a fun match!,0
learn to play noob,1
"great teamwork, thanks everyone",0
why u feeding dumbass,1
we did it! nice win!,0
go back to school idiot,1
"close game, well done all",0
fucking retard noob team,1
"gg wp team, nice game!",0
"You fucking noob, uninstall lol",1
hahaha ez win guys,0
"Learn to play, you idiot",1
"gj everyone, well played",0
wtf are u doing noob?,1
"easy game, gg",0
"stop feeding, dumbass",1
"nice save, you're amazing!",0
report this fucking troll,1
gg wp everyone,0
you fucking noob,1
haha nice game,0
fuck this shit team,1
easy win boys,0
retard play mid,1
lol u tried,0
report this idiot,1
well played team,0
your team sucks,1
gg wp guys,0
why u so dumb?,1
easy game haha,0
pudge save us next time,0
you fuckin retard,1
report him pls,0
lol u noobs,1
haha we won guys,0
fucking russian noob,1
"nice teamplay, ty",0
"gg wp, nice teamplay!",0
"you fucking noob, learn game",1
haha that was an awesome fight,0
stop feeding retard,1
"easy win guys, good job",0
report this idiot please,1
"well played everyone, gg",0
you're such a fucking idiot,1
"thanks for the game, had fun",0
"lol you're useless, uninstall",1
"gg wp team, well played",0
"you noob, uninstall dota",1
haha nice game everybody,0
"fucking retard, learn to play",1
lol that was an easy win,0
why you feed all game?,1
gg is my favorite word,0
fuck this russian team,1
"great match, cya next time",0
"idk what you were doing, idiot",1
afk farming gg wp,0
why u so stupid?,1
gg was a fun game,0
you fuckin noob lol,1
hahaha nice play guys,0
report this retard,1
"easy win, team rocks!",0
ur such a dumbass,1
"what a game, loved it",0
fucking idiots all game,1
gg easy game guys,0
you fucking retard noob,1
haha nice play!,0
fucking useless team,1
lol wp everyone,0
report that idiot pls,1
haha that was a fun match,0
you suck so bad,1
"good job team, wp",0
go afk noob,1
gg wp team,0
wtf u retard!,1
haha ez game,0
you fucking suck at this,1
nice play guys,0
damn ur useless noob,1
let's push mid now,0
you're such a loser,1
what a comeback xD,0
get outta here idiot,1
gg easy win guys,0
fcking noob team lol,1
haha we got this boys,0
y u so dumb man?,1
"wp team, epic match!",0
idiot feeder rq now,1
lol this game is fun,0
stop feeding u retard,1
nice moves invoker!,0
report this toxic kid,1
"gg wp team, nice plays",0
"fuck this game, my team sucks",1
"haha, that was easy",0
"you fucking idiot, learn to play",1
"noob mid, report him pls",1
"good job, we did it!",0
stop feeding u retard!,1
"lol, nice try guys",0
"wtf are you doing, idiot",1
let's push mid and finish,0
gg wp guys!,0
"wtf are you doing, retard",1
haha nice play,0
"you're all useless, learn dota",1
easy game ez life,0
can you stop feeding?,0
fucking noobs on my team,1
"good game, well played!",0
mid feed more pls idiot,1
"lol that was fun, gg",0
"gg wp team, well played",0
wtf are you doing noob,1
haha that was a fun match!,0
"can u stop feeding, idiot?",1
"ez game, nice teamwork guys",0
report the retard pls,1
"lol you guys rock, gg",0
fucking russian noob team,1
"nice plays there, gg",0
u fucking dumbass learn dota,1
gg easy game,0
fucking noob team wtf,1
haha nice play guys,0
"you suck, uninstall",1
report them pls,0
lol this game is fun,0
stop feeding idiot,1
gg wp everyone,0
mid is a retard,1
hahaha we won!,0
gg easy game lol,0
wtf you retard,1
haha wp team!,0
you guys are noob,1
let's win this,0
wow that was dumb,1
keep it going nice,0
why u so toxic dude,1
great push mid,0
you're fucking useless,1
"gg wp guys, well played",0
haha u guys r so easy,1
"yo team, lets group up in mid",0
"omg fuckin retard, what's wrong with you",1
"nice ulti bro, saved the game",0
stop feeding u noob,1
"we can still win this, just focus",0
lol this team is such fail,1
"good job carry, keep it up",0
"fucking idiots, learn how to play",1
"gg ez, nice game guys",0
bro why you so dumb?,1
"easy win, wp team",0
you're fucking garbage,1
hahaha we got them,0
play better or uninstall pls,1
lol good job mid,0
what a stupid noob lmao,1
"we got this, push mid!",0
ha you guys suck noobs,1
"gg wp team, well played!",0
omg you guys are fucking noobs,1
haha that was a fun game,0
"fuck this game, idiots everywhere",1
"easy win, let's go next",0
"you're all shit, uninstall dota",1
hahaha nice try everyone,0
"what a retard, report him",1
"wp guys, see you next match",0
fucking russians ruin everything,1
gg ez game lol,0
honestly youre trash,1
nice plays team,0
noob stop feeding,1
well played gg,0
fucking retard team,1
haha gg wp guys,0
what a dumb move lol,1
"wp all, fun game",0
this noob pisses me off,1
easy game lol gg,0
"yo, stop feeding noob",1
gg wp team!,0
report this dumb f,1
haha that was fun,0
nice save dude gg,0
fucking russian retard,1
well played everyone,0
you guys are trash,1
let's go next game,0
gg wp guys,0
lol u r so bad,1
"wp team, that was fun",0
fking noobs everywhere,1
nice plays mid gg,0
can u stop feeding pls?,0
you're all useless idiots,1
"haha gg, well played",0
report this retard asap,1
"great game, well done team",0
gg ez game guys!,0
"wtf you noob, learn to play",1
great teamplay everyone :),0
"stop feeding, retard",1
"well played all, wp",0
you're all fucking idiots,1
haha we crushed them!,0
fucking russian trash team,1
"let's go team, we've got this",0
"stupid noob, uninstall dota",1
smooth moves team gg,0
"you fucking noob, uninstall",1
"haha nice play, wp",0
report this retard please,1
lol u mad bro?,0
stop feeding u dumbass,1
"easy game, well played",0
"you are all idiots, omg",1
gg carry did great,0
"idiot mid, lost us game",1
gg wp team,0
u guys r so bad lol,1
well played everyone,0
fuckin noob team,1
"nice game, let's queue again",0
stop feeding u retard,1
haha ez win ggs,0
wtf r u doing idiot?,1
"wp, we can do even better next time!",0
how are u so fkin dumb,1
"gg wp, fun game guys",0
noob mid feeding again,1
haha u guys play well,0
you're fucking trash lol,1
why u focus void lol,0
this invoker too dumb,1
"nice support, saved me",0
go play tetris noob,1
thanks for heals dude,0
stfu and uninstall,1
"gg wp team, nice game!",0
fking idiot go uninstall,1
"easy win, u guys r great",0
report that dude plz,0
learn to play noob,1
"haha, nice try invoker!",0
wtf are u doing retard,1
"well played, lets queue again",0
ur such a dumbass lol,1
good luck next match team!,0
gg easy game,0
wtf you retard,1
hahaha good job guys,0
stop feeding noob,1
we got this team,0
noob go uninstall,1
haha that was fun,0
you dumb idiot,1
nice play dude,0
fucking russian trash,1
wth u doin haha gg,0
omg this game is easy,0
you noob just uninstall lol,1
gg wp team you rock,0
stop feeding you dumbass,1
great game everyone let's go,0
report this retard pls,1
hahaha nice play guys,0
ur such a fucking noob,1
lol just farm you'll be fine,0
gg wp guys,0
"you fucking noob, uninstall game",1
haha easy win,0
the way you play is retard,1
"what a comeback, good job team",0
"fuck you, learn to play",1
lol this match was fun,0
russians always ruin the game,1
nice strategy guys,0
"stupid idiot, you lost us the game",1
"gg wp, nice game",0
fuck off u noob,1
well played team,0
you fucking retard,1
haha we won!,0
go mid or feed idiot,1
easy peasy game,0
you suck so much,1
amazing gg guys,0
just uninstall dota noob,1
gg wp team!,0
"you fucking noob, uninstall",1
haha nice play invoker,0
retard feeding again,1
"we got this, just play safe",0
lol you guys suck so hard,1
easy win lads,0
"you piece of shit, report asap",1
nice teamwork everyone,0
fucking useless idiot,1
haha gg ez game,0
u fucking retard,1
nice play team,0
fucking noob go die,1
lol good game,0
you are shit,1
well played guys,0
dumb ass learn dota,1
ggwp everyone,0
stop feeding idiot,1
gg easy game guys,0
"hah that was a fun match, ty team",0
get rekt noob lmao,1
"yo stop feeding, play safe pls",0
"fucking idiot, stop diving",1
"wp, let's keep it up!",0
"u suck, why even play",1
haha nice move pudge,0
gg you guys are trash,1
"keep it up mid, we got this",0
gg ez game guys,0
wtf team u all retard?,1
hahaha nice try!,0
can we report this noob pls?,1
amazing play well done!,0
this dumbass pugna so bad,1
lol you guys rock,0
fucking idiot mid feeder,1
good game everyone!,0
stop fucking feeding faggot,1
"gg wp team, well played!",0
u guys r just fuckin noobs,1
"haha nice job on the mid, u rock!",0
"wtf r u doing, playing like a dumbass",1
"this game is so much fun, love it!",0
"u fucking retard, uninstall dota",1
"lol that was a crazy comeback, gg",0
stop feeding like a damn idiot,1
"good teamwork, we got this!",0
"fucking russian trash, learn to play",1
gg wp team!,0
wow easy win guys haha,0
yo stop feeding noob,1
"nice play mid, like a pro",0
"why u so bad, idiot?",1
"haha we got this, push",0
can u not be useless pls,1
"good game, let's queue again",0
"report this toxic kid, omg",0
"u fucking retard, uninstall",1
"gg wp team, well played!",0
"stop feeding, fuckin noob",1
"hahaha, that was funny af",0
why r u so bad? lol,1
let's push mid n win this,0
"u dumb fuck, uninstall plz",1
haha gg this game is easy,0
"you suck, go play bots kid",1
"nice support, ty for wards",0
"retard team, i quit this",1
gg wp team!,0
you fucking noob!,1
nice play invoker :D,0
report this retard,1
haha that was fun lol,0
why u so dumb?,1
ez game ez life,0
fucking piece of shit,1
"gj guys, we did it!",0
"stop feeding, idiot",1
gg wp team,0
shut up u fucking noob,1
"nice play dude, carry won it",0
you all are fucking dumbasses,1
this game is so fun haha,0
"retard mid, lost us the game",1
"well played pugna, good job",0
why are you so fucking useless,1
"hahaha, ez game guys",0
"go die in a hole, idiot",1
gg wp team!,0
noob go play minecraft,1
haha you guys are funny,0
"you fucking retard, uninstall",1
"well played, nice comeback",0
what is this shit play?,1
good job with the push!,0
fucking russian noob team,1
lol that was an epic save,0
your mother is a idiot,1
gg wp team!,0
you fucking noob,1
haha nice game guys,0
"stop feeding, idiot",1
we can win this,0
why u so dumb,1
lol ez game,0
go mid or feed,1
good job! keep it up,0
fucking russian trash,1
"gg wp, nice game",0
You're a fucking noob,1
haha that was close!,0
"retard team, uninstall plz",1
"easy win guys, good job",0
noob russian feeder,1
lol you guys are funny,0
"stop feeding, you dumbass",1
"gg, let's play again",0
wtf are you doing idiot,1
gg ez game bois,0
wtf u fucking noob,1
"nice play team, wp",0
"you stupid idiot, uninstall",1
"haha gg guys, fun match",0
"fking retard, learn dota",1
lol u guys r great :),0
report this fking feeder,1
"well played, see u next",0
"u r dumb, play bot games",1
gg wp team,0
u such a retard man,1
nice play ez game,0
fuck this shit team,1
well played guys,0
u fucking noob lol,1
awesome dota match,0
go fuck urself idiot,1
hahaha gg bro,0
ur a dumbass,1
lol gg wp guys,0
wtf u doing u retard,1
nice play invoker :),0
fking noob team,1
haha that game was easy,0
stop feeding u dumbass,1
we got this boys!,0
report that idiot plz,1
gg well played all,0
u guys are the worst ffs,1
gg wp team!,0
you guys are retards,1
haha gg ez game,0
stop feeding you idiot,1
nice play on mid!,0
fucking noob stop feeding,1
haha you guys play well,0
report that useless idiot,1
gg you played well,0
"learn to play dota, faggot",1
gg ez game bois!,0
"fcking noob team, report all",1
"haha wp guys, fun match",0
"you suck, uninstall dota",1
"stay positive, we can still win",0
wtf this pugna is so dumb,1
lol gg next time better luck,0
"retard feeding again, nice",1
"solid plays, gg wp everyone",0
motherfkr learn to play,1
"gg wp, nice teamwork!",0
you such an idiot for feeding!,1
"haha that was hilarious, gg!",0
stop being a noob and learn to play,1
"easy win boys, well played",0
"fucking retard, what were u thinking?",1
"lol good game, let's queue again",0
"yo, why u afk noob?",1
"great job team, keep it up!",0
you're a piece of shit player,1
gg wp team!,0
"you fucking idiot, report!",1
haha nice play guys!,0
wtf are u doing noob?,1
easy game easy life!,0
"u suck, go afk",1
lol gg good vibes,0
ur all a bunch of retards,1
"great support, ty!",0
get rekt morons,1
"I'm done, gg wp",0
you all fucking suck lol,1
nice team play guys,0
stop feeding idiot,1
gg you did great,0
retard noob trash game,1
awesome save at the end!,0
report this fucking moron,1
haha close game gg,0
get gud stupid russian,1
gg ez game,0
you guys are such noobs lol,1
well played team!,0
"fucking idiots, learn to play",1
"haha that was fun, gg",0
"stop feeding, retard",1
nice teamwork guys :),0
fuck off you dumbass,1
"let's push mid, we got this!",0
you're a useless piece of shit,1
gg wp team,0
u fuckin noob,1
hahaha nice play,0
wtf r u doing?,1
the game is fun!,0
ur all retards,1
pls focus guys,0
shut up idiot,1
easy win boys,0
fuck this team,1
gg wp guys,0
you fucking noob,1
haha easy game,0
why u so dumb?,1
nice play team,0
the game is ours,0
learn to play idiot,1
hahaha gg everyone,0
stop feeding retard,1
love this dota match,0
ggez wp guys,0
wtf you doing retard?,1
nice play team let's push mid,0
your dota skills suck lol,1
gotta love the russian noobs,1
we can still win this game!,0
stop feeding moron,1
haha that was so easy,0
u fucking kidding me?,1
gg well played all,0
"gg wp team, well played!",0
"you fucking noob, go uninstall",1
"haha that was a fun game, thx",0
stop feeding you idiot,1
"ez mid, nice job guys",0
what the fuck are you doing?,1
"solid plays there, gg",0
"fucking retard, learn to play",1
"good game, let's queue again",0
"this is fucking bullshit, report him",1
gg wp team!!,0
fucking noob feeder,1
"nice play guys, well done",0
u are such an idiot,1
that was a fun game haha,0
u retard! go mid,1
"easy win, good job",0
stop being a dumbass,1
let's play again!,0
fucking russian noob,1
gg wp guys!,0
"you fucking noob, uninstall",1
hahaha that was a close game!,0
retard mid lost us the game,1
lol pugna is OP,0
can you play better pls,0
motherfucker feeding again,1
"good job team, well played!",0
why are you so fucking dumb,1
haha gg ez game,0
"gg wp guys, well played!",0
"can u pls report mid, thx",0
"haha, that was an easy game!",0
why u feeding dude???,1
"yo team, let's focus on the objectives",0
"u fucking noob, uninstall",1
"nice one pugna, keep it up!",0
"wtf r u doing, retard?",1
"good game, enjoyed playing with u all",0
"u r all dumbasses, learn to play",1
gg wp guys!,0
u are such a noob lol,1
"great game, well played team",0
stop feeding u retard,1
haha that was fun!,0
"omg you are so bad, uninstall pls",1
"nice job support, ty!",0
"wow, this mid is trash",1
"lets push mid, we got this!",0
ur such a toxic player omg,1
gg wp team,0
why u so bad,1
haha nice play,0
learn to play noob,1
is game over?,0
omg u fucking idiot,1
can we win this?,0
lol you suck,1
gg let's go next,0
report that retard,1
gg wp bros,0
fuck this team of retards,1
haha nice play guys,0
noobs need to learn dota lol,1
why u all so toxic,0
stop feeding you idiot,1
"ez game, nice team",0
omg you fucking suck,1
report the feeder pls,0
what a bunch of morons,1
gg wp guys well played,0
wtf are u idiot?,1
nice save ty team,0
this game is so ez lol,0
report him for trolling,0
you fucking noob haha,1
omg u r so retarded,1
hahaha gg that was fun,0
fuck this team is bad,1
wp let's do it again,0
"gg wp team, well played!",0
wtf you doing noob,1
haha nice try next time,0
are you fucking kidding me?,1
"we got this guys, keep it up",0
this invoker is so dumb lol,1
report him for afk pls,0
"nice moves, lets win this!",0
stop feeding you idiot,1
"why u so mad, relax and play",0
"ggwp team, we did well",0
"yo noob, uninstall dota",1
this game is so much fun lol,0
fucking idiot stop feeding,1
easy win guys haha,0
retard mid can't even play,1
"wp everyone, great match",0
report that dumbass pls,1
"nice teamwork, let's do it again",0
"fuck you all, waste of time",1
"gg wp guys, well played",0
report that idiot pls,1
easy game hahaha,0
wtf are you doing noob,1
"haha nice try, good game",0
"stop feeding, you retards",1
"russian team, best team",0
you fucking suck at this,1
"lol close game, gg",0
"screw you, fucking noob",1
gg well played team,0
fucking noob learn 2 play,1
haha nice comeback guys,0
stop feeding and play game,1
"gg wp, was fun",0
ur so dumb wtf,1
lol good game peeps,0
wow u play like a retard,1
nice team coordination,0
stupid idiot report him,1
gg wp guys :D,0
u fucking noob learn the game,1
haha nice try team,0
retard stop feeding,1
we can still win this!,0
your build is dumb af,1
just farm and we win,0
stop being toxic idiot,1
lol relax it’s just a game,0
why u playing like shit?,1
"gg wp, that was a fun game!",0
"u freaking retard, uninstall dota pls",1
"nice save bro, good teamwork",0
stop feeding you idiot,1
haha we totally crushed them,0
report this noob for ruining the game,1
"easy win, nice play team",0
"go back to playing bots, noob",1
"we can still win, stay positive!",0
you're a dumbass for picking that hero,1
gg wp team,0
lol ez game,0
you fucking idiot,1
wow nice play all,0
fucking retard player,1
haha ur noob,0
report this dumbass,1
team is great,0
go play dota haha,0
u piece of shit,1
gg wp guys,0
you play like a noob,1
haha good game,0
fucking idiots on my team,1
nice save pudge!,0
you are such a noob lol,1
let's push mid,0
report this retard,1
that was an easy win,0
stop being a dumbass,1
"gg wp, nice teamplay!",0
"fucking noob, uninstall pls",1
let’s push mid and end this,0
"u dumb, why feed like that?",1
"haha, ez game guys",0
report this idiot pls,1
"lol, gg nice comeback!",0
"trash team, learn to play",1
"can u ward more, pls?",0
"u fucking retard, stop feeding!",1
gg ez wp guys!,0
u fucking retard go uninstall,1
haha gg well played,0
wtf noob russian always feeding,1
"great teamwork, we got this!",0
you dumb idiots should stop playing,1
hahaha nice save bro,0
"fucking noob team, report them all",1
"lol that was close, good game",0
fucking useless piece of shit,1
gg wp guys,0
u suck at this game,1
hahaha easy win,0
learn to play noob,1
nice gank team,0
fuckin retard report him,1
pudge is so fun to play lol,0
stop feeding u idiot,1
haha that was fun,0
wtf r u doing idiot?,1
gg ez game guys,0
"why u so noob, go uninstall",1
"wp team, nice comeback!",0
lol u fucking trash,1
"ggwp, let's queue again",0
"stop feeding, idiot",1
"haha, rekt them hard",0
ur a useless piece of shit,1
can we defend pls?,0
fucking retard mid,1
gg wp team!,0
"you fucking noob, uninstall pls",1
"nice plays, keep it up :)",0
"why u so dumb, idiot?",1
"haha ez game, well played all",0
"report this retard, afk whole game",1
can we push mid now?,0
stop feeding you moron,1
"nice save void, ty!",0
"wtf are u doing, useless",1
gg ez win bois,0
"you fucking retard, uninstall",1
"well played team, wp",0
"wtf are you doing, idiot",1
haha nice play dude,0
mid is such a dumbass,1
"gj team, keep it up",0
fucking russian noob,1
lol what a game!,0
report this retarded player,1
gg wp guys,0
fkin noob team,1
haha that was fun,0
you are such a retard,1
easy game ez life,0
why u so dumb?,1
nice play invoker,0
stop feeding u idiot,1
yo good game all,0
fucking russian morons,1
"gg wp team, we got this!",0
u guys are fucking retarded,1
"haha ez game, nice plays!",0
"stop feeding noob, idiot!",1
"nice save, gg",0
wtf r u doing? report pls,1
"you all played well, wp",0
this shit team is useless,1
"let's push mid, gg easy",0
learn to play or uninstall,1
lol gg ez game,0
fucking noob team,1
haha we got this,0
report this idiot pls,1
you guys played well,0
dumbass went mid again,1
what a comeback gg,0
easy win good job,0
you fucking suck bro,1
why is our team afk?,1
"I'm reporting you, gg",0
wtf you're such a retard,1
"gg wp team, nice game",0
"you fucktard, uninstall pls",1
"haha that was fun, thanks",0
"stop feeding, noob",1
"good game, well played",0
"lol trash team, useless",1
"you did great, gg",0
fuck off with ur shit plays,1
gg ez win lads,0
you fuckin retard,1
great teamwork guys!,0
wtf r u doing noob,1
"haha, we got this!",0
stop feeding idiot,1
nice play mid,0
ur such a dumbass,1
"good game, wp all",0
report you motherfucker,1
gg easy win boys,0
yo team why so dumb???,1
haha nice play invoker,0
fucking noobs on my team,1
that was a great game guys,0
stop feeding u retard,1
wp well played all!,0
"use your brain, you're useless",1
we did it team!,0
russian morons as usual,1
gg ez boys,0
wtf u doing noob,1
nice save haha,0
just play the game,0
learn to play retard,1
great teamfight lol,0
you such an idiot,1
keep up the good work,0
stop feeding dumbass,1
easy win my dudes,0
"gg wp team, nice plays!",0
"yo ur such a noob, uninstall",1
"hey guys, good game, well played",0
stop feeding like an idiot!,1
hahaha that was an epic save!,0
report that pugna for afk,0
"you fucking moron, learn to play",1
lmao gg ez game guys,0
whats wrong with this idiot invoker?,1
"haha gg, lets play again soon!",0
"gg wp team, well played!",0
can u guys stop feeding ffs,1
"nice one pudge, keep it up",0
stop crying and just play the game,1
"hahaha easy game, gg",0
you're fucking useless lol,1
"we can win this, just chill",0
"damn idiot, why u do that?",1
"haha good job guys, solid team",0
ur so bad it's painful,1
"gg wp guys, nice game!",0
wtf are you doing noob team,1
"thank you for the heal, appreciated!",0
"omg our mid is so dumb, report pls",1
lol that was hilarious haha,0
"can you guys focus pls, we got this",0
"you fucking suck, uninstall dota",1
hahaha gg ez match,0
stop feeding and play you idiots,1
"let's push, we got a good lead",0
"gg wp team, nice plays overall!",0
"u fucking suck, uninstall dota",1
"haha that was a close one, gg",0
"retard mid, why u feed?",1
"good game, see you next match",0
"lol noob, learn before playing",1
"we got this team, stay focused",0
fucking russian idiots,1
"nice save man, well played",0
"fuck ur motherfucker, report u",1
"gg wp, nice team!",0
you guys are fucking shit,1
haha easy win boys,0
stop feeding retard,1
lol game is too easy,0
fuck this noob team,1
hey nice play on mid :),0
idiot stop doing this,1
"we got this, keep it up!",0
why u so dumb lol,1
good game guys gg,0
fuck you noob,1
haha ez win :),0
report this retard omg,1
you played well team,0
fucking russian noob,1
gg wp carry was great,0
"lol, you all suck",1
"nice teamwork, let's go",0
stop feeding u idiot,1
gg wp team! nice comeback!,0
omg u fuckin noob stop feeding,1
why u guys so toxic lol,0
fuck off and play dota properly,1
haha that was a sick play!,0
"fcking retard, uninstall the game",1
let's try to push mid now,0
dude ur such a dumbass smh,1
nice job on the gank xd,0
you guys are all useless lol,1
gg ez game! wp,0
LOL your the best!,0
report this retard pls,1
I hate noobs like you,1
haha what a play dude,0
can u stop feeding omg,1
pudge is a god gg,0
this team is fucking useless,1
"nice save, well played",0
stop being a toxic bitch,1
you guys played well gg,0
stop feeding you noobs,1
haha that was a fun match,0
"you fuckin idiot, uninstall",1
"gg wp, let's queue again",0
retard buy wards ffs,1
"easy game, well done team",0
"u dumbass, learn to play",1
"hahaha close game, wp all",0
"fuckin noob, report him",1
"gg wp guys, nice teamplay :)",0
lol this dumbass needs to uninstall,1
is there any chance to win this?,0
"you fucking retard, learn to play",1
"nice save pudge, that was clutch",0
"fuck off noob, feeding all game",1
haha invoker too strong this game,0
stop bitching and play the game,1
"ez game, lets queue another one",0
your mom is a fucking whore,1
"gg wp, well played team",0
"why u so bad, learn dota",1
hahaha that was fun game,0
stop feeding u idiot,1
"nice job, let's push mid",0
"go play with ur mom, noob",1
"we got this, keep it up",0
"u fucking retard, uninstall",1
thanks for the support guys,0
"fuck u all, useless team",1
why u feed mid?,1
"ggwp guys, well played",0
can u pls stop feeding?,0
lol ur such a noob,1
haha easy win,0
this russian idiot,1
report him for afk,0
ur all fucking trash,1
"good game, nice team",0
dude you're so toxic lmao,0
gg wp all,0
yo play better noob,1
can you ward pls?,0
fuckin trash team omg,1
"haha gg guys, fun game",0
"stop feeding, retard",1
nice moves bro,0
carry is useless af,1
what a comeback! gg,0
"you guys suck, uninstall",1
gg wp guys,0
lol you call that play?,1
nice game xD,0
why u so bad dude,1
we can win this team!,0
haha you suck so much,1
let's push mid now,0
noob team omg,1
well played everyone,0
fking idiot player,1
"gg wp team, nice one",0
"mid is trash, fuck off",1
lol this game is fun,0
"shut up noob, u suck",1
"haha, good job everyone!",0
stop feeding idiot,1
you guys are awesome,0
fucking useless team,1
"lets play again, gg",0
report that retard,1
gg we got this,0
Why u so dumb noob,1
"nice play team, wp",0
fucking retard team ruin game,1
"haha, easy win!",0
You're trash at dota dude,1
"lol good game, next?",0
stop feeding u idiot,1
"we got this guys, fun match",0
use spells fucktard,1
gg wp team,0
you fucking noob go uninstall,1
easy game lol,0
why u so dumb bro?,1
haha nice try,0
stop feeding idiot,1
is that all u got?,0
fucking russians ruin everything,1
great teamwork guys,0
go back to noob lane retard,1
"gg wp team, nice plays",0
report this retard pls,1
hahaha we got this game,0
stop being a fucking noob,1
lol u guys are funny xD,0
why u feeding idiot??,1
what an easy game lol,0
can u play better next time?,0
fucking russian noob team,1
this game is so much fun,0
gg wp team,0
you're so fucking bad lol,1
hahaha nice play dude,0
can you chill with the spam,0
"fucking noob, uninstall",1
we got this guys,0
"stop feeding, retard",1
lol this game is fun,0
"idk why you even play, idiot",1
that was a great strategy,0
gg wp friends!,0
omg you fucking noob!,1
nice play team!! :D,0
stop feeding retard,1
haha we got this guys,0
"noobs everywhere, what a joke",1
"good teamwork, let's push",0
u r all useless idiots,1
we can still win this :),0
"fuck this game, report u",1
gg wp team,0
you fucking noob,1
report this idiot lol,0
haha ez game guys,0
fucking retard mid,1
gg well played,0
fuck you russian,1
nice play omg,0
you suck so bad,1
lol this game is wild,0
gg wp team easy win,0
retard mid throw game,1
haha u guys r awesome,0
fucking noob learn to play,1
lol this game is fun,0
why u such a dumbass,1
nice moves buddy gg,0
"you all idiots, uninstall",1
good job carry well played,0
stop feeding u fucking moron,1
"gg wp guys, nice game!",0
stop feeding u fuckin noob,1
"we can win this, just focus",0
wtf is wrong with you idiots,1
hahaha ez claps bros,0
u play like a fucking retard,1
need wards pls team,0
this russian is useless af,1
amazing support ty for healing,0
"get a brain, ur so dumb",1
gg easy game guys,0
you fuckin noob play better!,1
haha nice save bro!,0
wtf is this retard doing?,1
well played my team!,0
you are shit at dota dude,1
lol pls report this feeder,0
why u such an idiot man,1
gg wp let's queue again,0
fucking useless team omg,1
"gg wp guys, nice game",0
you all fucking suck,1
"haha that was fun, good team",0
"stop feeding noob, report",1
"ez game, thanks team!",0
"who taught you dota, huh?",1
"well played everyone, gg",0
"retard team, uninstall pls",1
"thanks for the support, gg",0
haha you dumb piece of shit,1
gg wp team,0
stop feeding retard,1
"amazing game, ty all",0
"fucking noob, uninstall",1
haha good play guys,0
"you all suck, go afk",1
nice teamwork!,0
what a bunch of idiots,1
we played well together,0
fuck you russian pig,1
gg wp everyone,0
wtf are you doing retard?,1
nice play team!,0
stop feeding dumb fuck,1
haha we got this game,0
you fucking noob,1
well played guys!,0
why you play if you suck?,1
easy win boys,0
shut up idiot!,1
"gg wp team, never give up",0
"fuckin noob team, uninstall pls",1
why our pudge so good hahaha,0
"fucking russian retards, report them",1
"we can win this, stay focused",0
mid is lost cuz of this idiot,1
"haha ggwp, easy game",0
"fuck u all, worst team ever",1
"nice play carry, good job",0
what a fucking clown fiesta lol,1
gg well played team!,0
"wtf r u doing, retard?",1
"nice gank guys, keep it up",0
stop feeding u fucking noob,1
"easy game, haha gg",0
report this idiot pls,0
why r u so dumb?,1
lol fun game ty all,0
"u suck, uninstall dota",1
"awesome teamwork, gg",0
gg ez team!,0
wtf u doing retard?,1
haha nice one guys,0
stop feeding you fucking noob,1
lol wp everyone,0
is this guy even playing?,0
report this idiot pls,1
"great game, let's queue again",0
can you not suck so much?,1
"ez mid, gg",0
gg nice play team,0
you fucking retard go next,1
haha easy win guys,0
report this idiot plz,1
lol u play like a pro,0
fuck off noob,1
good game wp everybody,0
stop feeding you dumbass,1
haha that was a great match,0
motherfucker change lane,1
gg wp team!,0
u guys are such retards,1
haha easy game,0
fuck this shit team,1
report him pls,0
you fucking noob,1
lol dat was fun,0
why u so dumb?,1
u guys played well,0
fucking idiot mid,1
lol gg wp team,0
fking noob report him,1
haha ez game guys,0
"you all suck, uninstall pls",1
"nice play invoker, gg",0
wtf are you doing idiot,1
good game everyone!,0
"wow, you guys are amazing",0
stop feeding and learn to play,1
"had fun, cya next time :)",0
gg ez game,0
you fucking retard,1
nice play team!,0
wtf are you doing noob,1
hahaha we won!,0
stop feeding you idiot,1
that was a good match,0
shut up and play the game,1
lol this is fun!,0
why u so dumb?,1
gg wp guys,0
fucking noob team,1
lol this game is crazy,0
report this idiot pls,1
haha ez win,0
you played well man,0
stop feeding you retard,1
nice work pudge,0
why so toxic bro?,0
go play tutorial noob,1
gg wp team :),0
"you fucking noob, uninstall!",1
"nice play mid, well done!",0
"stop feeding, retard",1
haha that was a fun game!,0
omg you suck so much dude,1
let's team up again guys!,0
you're such a fucking idiot,1
"gg ez, nice carry",0
report this idiot pls,1
"gg wp team, well played!",0
"fking idiot, learn 2 play",1
"haha that was close, nice one",0
"wtf are you doing, retard?",1
"ez game, let's party up again",0
"stop feeding noob, useless",1
"lol gg, that was fun",0
"ur so dumb, uninstall pls",1
"nice save, team effort!",0
"fuck u, trash player",1
"gg wp team, nice play!",0
"you fucking noob, learn game",1
"haha ez win, good job!",0
"yo idiot, stop feeding pls",1
"report this guy, he's troll",0
"well played bro, let's push",0
"stfu dumb, go play bots",1
"lol chill dude, it's a game",0
"stop being toxic, enjoy match",0
"fucking retard, uninstall dota",1
gg wp team! keep it up,0
"wtf are you doing, idiot?",1
"easy game, let's push mid",0
"noob feeder, uninstall pls",1
lol that was a sick play,0
"why u so dumb, use brain",1
"we can win this, stay focused",0
haha gg ez mid,0
"you're so bad, report him",1
"good game, see you next time",0
gg ez wp,0
wtf is this noob team,1
"good game, well played all",0
u guys r useless,1
"hahaha nice try, gg",0
"you idiot, report pls",1
"let's win next game, guys",0
fking russian noobs,1
"awesome play invoker, gg",0
retard go back to dota school,1
gg well played team,0
you guys are fucking idiots,1
let's push mid and end,0
stop feeding you dumbass,1
"hahaha, easy win for us!",0
"fucking noob, uninstall",1
"that was a close game, wp",0
retard play like that again,1
let's try to rosh now,0
you are all pieces of shit,1
"gg wp guys, fun match!",0
you all r fuckng noobs,1
haha ur team is trash lol,1
"good game, see you next time",0
stop feeding you idiot,1
"well played, awesome teamwork!",0
report this retard pls,1
"easy mid, gg ez",0
"wtf r u doing, so dumb",1
"we r getting better, gg",0
"gg wp team, nice plays!",0
"you fucking noob, uninstall pls",1
"haha that was close, well played",0
"stop feeding, retard",1
"easy game, let's go again!",0
"wtf are you doing, idiot?",1
"lol fun match, enjoyed it!",0
"you suck, russian trash",1
"wp all, see you next game",0
"get out of my lane, dumbass",1
gg wp team,0
"wtf are u doing, idiot?",1
well played everyone,0
"stop feeding, noob",1
hahaha that was fun,0
report this dumbass pls,1
nice save on that fight,0
"you fucking suck, uninstall",1
"lol, close game",0
"motherfucker, learn to play!",1
gg wp team,0
you are such a retard,1
haha easy game,0
"you fucking idiot, uninstall",1
nice play invoker,0
stop feeding you noob,1
"gg guys, well played",0
your dota skills are shit,1
"good game, see you",0
"you dumb retard, report!",1
"gg wp team, nice play",0
wtf u useless noob,1
haha good game guys,0
get gud or go home,0
stop feeding u retard,1
"nice try, we'll get em next time",0
why r u so dumb??,1
ty for good support,0
"lol, noob team go uninstall",1
"awesome game, had fun",0
gg wp everyone!,0
can u play better plz,0
wtf u doing fucktard,1
haha nice move dude,0
stop feeding noob,1
lol u call that a gank?,0
ur such a fucking idiot,1
this game is so easy,0
why u no teamwork guys,0
fking dumb team,1
gg wp ez game,0
stfu noob ur garbage,1
that was such a close game,0
"u fucking retard, learn to play",1
"nice play team, let's win more",0
"why u so dumb, uninstall dota",1
hahaha good job guys,0
"fuck this shit team, all noobs",1
"we can still win, keep calm",0
u r all fucking idiots,1
"gg wp guys, nice teamwork!",0
"fucking retards, learn 2 play",1
that game was easy af lol,0
"u idiot, stop feeding them",1
"haha good job everyone, we won",0
"wtf is this shit, report him",1
"nice moves, let's do it again",0
"fucking noobs, ruin every game",1
"well played, see u next match",0
dota is full of idiots today,1
gg ez game,0
you fuckin noob team,1
"nice plays guys, wp",0
wtf u doing mid retard?,1
haha that was fun xd,0
pugna so useless lol,1
"ty for helping top, gg",0
learn to play or quit,1
"we got this, focus",0
dota is full of idiots,1
gg wp team,0
"you fucking noob, uninstall",1
"lol good game, we try next time",0
stop feeding idiot,1
ezzz victory,0
"wtf is this, we got a retard mid",1
nice one invoker!,0
why you guys so bad? useless team,1
"haha, we got this!",0
effing russians ruin dota,1
lol gg wp team!,0
u fuckin suck noob,1
what a game nice plays,0
stop feeding retard,1
haha we won guys!,0
fuck this shit team,1
your invoker is op,0
ruined game idiot,1
ez win gg guys,0
noob player learn 2 play,1
"gg easy, well played team!",0
"you fucking suck, uninstall",1
"lol nice try bro, next time!",0
stop feeding you idiot noob,1
hahaha that was a fun game,0
"wtf is wrong with you, retard",1
"thanks for the game, good luck!",0
"why you such a dumbass, mate?",1
haha love it when you win like that,0
"fucking noob, learn to play dota",1
I can't believe we won lol,0
wtf you doing noob!,1
gg guys well played,0
just go die idiot,1
we gotta push mid now,0
"you fucking retard, uninstall",1
haha that was too easy,0
stop feeding you dumbass,1
"nice save, good job!",0
you're such a piece of shit,1
gg wp guys,0
wtf are you doing noob,1
haha nice play team,0
stop feeding retard,1
"that was close, well done",0
"you fucking idiot, mid lost",1
lol we can win this,0
report this dumbass pugna,1
"keep it up, we're doing great",0
"omg you're trash, uninstall",1
gg easy win boys,0
you fucking noob wtff,1
"wp team, we got this!",0
this invoker is so bad omg,1
hahaha we did it team!,0
why the fuck u feeding?,1
"report him pls, afk all game",0
fucking retard learn to play,1
"nice save, that was clutch!",0
motherfucker can't even last hit,1
gg that was a fun game,0
fucking noob go uninstall,1
haha easy win guys,0
"fuck you, retard team",1
wp you played well,0
is this a bot game lol,0
i hate losing to noobs,1
why you trolling dude?,0
report this idiot pls,1
lol you guys did great,0
gg team wp!,0
"you fucking noob, uninstall",1
haha good game guys,0
mid or feed you retards,1
"nice play, let's push",0
stop feeding you idiots,1
that was a fun match,0
fuck this russian team,1
lol u got owned,0
report this dumbass plz,1
"gg wp team, well played!",0
"you fucking noob, quit playing",1
hahaha they tilted so hard lol,0
"report him, he's afk again",0
"wtf are you doing, retard?",1
"nice try, let's push mid now",0
"ez game, gg boys",0
"stop feeding you idiot, learn to play",1
"hahaha good game guys, gg",0
"you fucking suck, uninstall dota",1
gg wp team well played,0
ur such a noob lol,1
that game was easy haha,0
stop feeding you dumbass,1
lol ur all trash at dota,1
why u so mad it's just a game,0
can you report the troll pls,0
fucking retard learn to play,1
haha gg guys fun match,0
go home noob ur useless,1
gg wp team,0
you fucking suck noob,1
let's push mid guys,0
u all fucking retards,1
hahaha easy game,0
report this idiot pls,0
"you noob, uninstall",1
nice play bro,0
why u so dumb?,1
great teamwork everyone,0
gg wp everyone,0
"u fuckn noob, lrn 2 play",1
hahaha nice game,0
you retard stop feeding,1
easy win thx team,0
wtf is this idiot doing,1
that was fun guys,0
fuck off with ur shit plays,1
haha you all suck,1
good teamwork folks,0
gg wp team nice play,0
fking noob u suck so bad,1
why r u afk lol,1
easy game haha,0
retard team wtf are u doing,1
nice save bro well played,0
noob russian always feeding,1
we got this keep it up,0
what the hell u doing mid,1
hahaha gg ez game,0
gg wp guys,0
u fucking noob lol,1
hahaha ez game,0
report this idiot,1
you played well team,0
wtf r u doin retard,1
nice one we got this,0
stop feeding u trash,1
haha mid is ours,0
fuck u useless team,1
gg wp nice game guys,0
"fucking noob team, learn to play",1
"haha ez win, good job",0
"what a shitshow, you are all trash",1
"you played well, let's do it again",0
"dumbass, go back to tutorial",1
"really fun match, see you all",0
"retard mid, uninstall please",1
we won! gg team,0
"stop feeding, idiot",1
you guys played well gg,0
wtf u retard why feed,1
easy game haha gg wp,0
fucking noob team report,1
"nice moves there, gg lol",0
you suck at dota idiot,1
haha that was ez game,0
"stfu noob, learn to play",1
gg wp everyone,0
stop feeding you dumbass,1
gg wp team,0
u fuckin noob,1
haha ez game,0
ur so dumb lol,1
nice play bro!,0
the fuck was that pugna,1
report him please,0
wow easy win!,0
you fucking retard,1
good job guys,0
gg ez win guys,0
wtf are u doing noob,1
let's push mid now,0
stop feeding u retard,1
nice play team haha,0
fcking russian player,1
"we got this, stay cool",0
"idiot, unistall dota pls",1
amazing gank in bot lane,0
u suck so bad lol,1
gg wp team,0
you fucking noobs ruin the game,1
haha that was fun,0
learn to play you retard,1
easy win gg,0
stop feeding idiot,1
nice plays guys!,0
you idiot just uninstall dota,1
re nice teamplay!,0
fucking trash player,1
gg wp well played team,0
stupid noob team report,1
haha that was a fun game,0
fking noob go die retard,1
easy win guys nice work,0
wtf is this shit team,1
nice moves pudge well done,0
you suck so bad omg,1
lol gg better luck next,0
fucking idiot mid feed,1
gg ez game guys,0
can u stop feeding noob,1
hahaha wp everyone,0
why u so bad dude,1
lol this is fun,0
fucking retard team,1
gg well played team,0
report that idiot pls,1
nice try lets win next,0
you fucking suck man,1
gg ez noobs,0
why u so bad lol,0
fuckin report that idiot,1
haha nice game guys,0
you are such a retard,1
lol get good you noob,1
that was fun ggwp,0
stop feeding you dumbass,1
well played team,0
fucking russian noob,1
gg wp team,0
wtf u doing noob,1
haha ez game,0
report this dumbass pls,1
"nice save, wp",0
you all suck haha,1
good job mid!,0
stop feeding retard,1
lol gg ez,0
fking useless team,1
gg we got this team!,0
wtf can you stop feeding?,1
haha nice try dude,0
learn to play noob,1
"amazing game guys, wp",0
report that f-ing idiot,1
ez win thanks team,0
stop being a retard,1
lol gg wp everyone,0
get rekt loser,1
gg wp guys,0
you fucking noob,1
haha nice play,0
report that retard,1
ez game haha,0
fuck this shit team,1
well played u all,0
you dumb idiot,1
gg that was fun,0
fucking trash dota,1
"gg wp team, well played",0
omg you noob stop feeding,1
haha that was a fun game,0
"you fucking idiot, report him",1
lol good job on the win,0
"fucking useless, learn to play",1
"you did great, nice teamwork",0
stop being a dumbass noob,1
"hahaha easy game, nice try",0
"you're such a retard, uninstall",1
gg wp boys,0
u fuckin noob lol,1
"nice play man, keep it up",0
wtf are you doing retard?,1
gg ez game haha,0
report this idiot pls,1
awesome teamwork guys,0
haha u suck so bad,1
well played! let's queue again,0
get out of my game noob,1
you play good gg,0
fking retard team wtf,1
haha nice game guys,0
fuck this shit I'm done,1
gg well played all,0
u stupid noob stop feed,1
ez win haha,0
why u so dumb tho,1
"let's do this, team!",0
report that idiot pls,1
gg ez game lol,0
"you fucking noob, uninstall",1
haha nice try dude,0
wtf are you doing retard,1
"good job team, wp",0
stop feeding and play you idiot,1
"wow that was intense, gg",0
you're so fucking dumb,1
can u ward pls?,0
why u such a loser?,1
"gg easy, wp team",0
you such a noob lol,1
hahaha dat was fun afk farm,0
"wtf team, play like retards",1
let's push mid! we got this,0
"russian trash team, go home",1
omg pugna stop feeding pls,0
haha nice try but no,0
why u so dumb bro?,1
"gg wp everyone, love dota",0
"gg, well played team!",0
lol you are such a noob,1
nice save on that last fight,0
"you fucking idiot, learn to play",1
let's push mid and end this,0
report this dumbass plz,1
hahaha we got this guys,0
stop feeding dumb retard,1
"what a game, so close!",0
fucking russian noob,1
haha we got this gg,0
stop being a retard dude,1
yo nice play invoker,0
fucking noob team again,1
good game wp everyone,0
wtf are you doing idiot,1
haha ez win gg,0
report him for being a dumbass,1
lol that was fun,0
u fucking suck dude,1
gg easy game lol,0
you fucking noob,1
haha nice play guys,0
stop feeding retard,1
well played team,0
learn to play idiot,1
haha we got this,0
you are useless fuck,1
let's win this boys,0
motherfucker report him,1
"gg wp team, well played!",0
why u such a noob dude?,1
haha nice comeback guys!,0
fcking idiot learn to play,1
"lol easy game, let's go next",0
report this retard pls,1
"good job everyone, gg",0
"you play like shit, uninstall",1
"wow, that was intense haha!",0
motherfcker stop feeding,1
gg no re,0
u fucking noob,1
thanks for the game guys,0
lol your team is trash,1
well played all,0
report the mid idiot,1
hahaha nice try,0
dont feed u retard,1
gg ez clap,0
go play mario u dumbass,1
"gg wp guys, ez game!",0
you're all fucking trash,1
haha nice play team!,0
can you not feed mid like a retard?,1
"gg invoker, well done!",0
u fucking noob get out of my game,1
"gl next time team, was close",0
report this dumbass feeding in lane,1
haha that was a fun match!,0
stop being a toxic piece of shit,1
gg wp everyone,0
wtf you doing noob,1
that was a sick play lol,0
"ez game, thanks team",0
fking retard play better,1
haha you guys rock,0
report this idiot pls,1
you just got rekt bro,0
stop feeding you dumbass,1
nice comeback team!,0
gg wp team! nice game,0
fuck u noob team,1
"haha ez win, gg",0
retard can't even play dota,1
"yikes, rough game hope next is better",0
omg ur so fucking bad,1
thanks for the fun game guys,0
learn to play or quit pls,1
"lol, that was hilarious ty",0
u idiots made us lose,1
gg wp we got this,0
dude stop feeding u retard,1
haha nice play team!,0
fucking noob mid go home,1
"report pudge pls, ez win",0
"what a joke, this team is shit",1
lol that was an easy game,0
you guys are all useless,1
"nice try, better luck next time",0
"fucking russian idiots, learn dota",1
gg wp team,0
you fucking noob stop feeding,1
nice play invoker!,0
ha u dumbass haha,1
gg ez game good job,0
report that retard pls,1
why so toxic guys?,0
u play like shit dude,1
"gl next time, gj",0
fucking russian idiot,1
gg wp everyone nice game,0
you fucking retard learn to play,1
lol that was an easy win,0
stop feeding noob,1
"good team, we did it!",0
yo why u so mad its just a game,0
motherfucker u ruined the match,1
hahaha gotcha with that last hit,0
go afk if ur gonna play like shit,1
haha gg well played guys,0
"Ez game, gg guys!",0
u fucking retard learn 2 play,1
"Nice support, wp!",0
"fuck this shit team, all noobs",1
"gg wp, well played guys",0
report this idiot omg,1
"haha easy win, love this game",0
why u so bad? uninstall dota,1
"good job team, let's push mid",0
motherf*cker play ur role,1
gg well played all,0
yo team is trash,1
nice moves there haha,0
wtf you doing idiot,1
haha gg wp,0
report that dumbass,1
good game buddies,0
stop feeding noob,1
lol that was funny,0
fucking useless team,1
gg ez game bois,0
yo team wtf r u doing?,0
haha u guys so bad,1
nice play invoker!,0
this idiot feeding again smh,1
lol pugna stop dying pls,0
fucking retarded team,1
"we can win dis, keep goin!",0
ur all such noobs omg,1
gg wp everyone :),0
gg ez game guys,0
"u fucking noob, uninstall",1
hahaha nice try voker,0
wtf are you doing retard?,1
"well played, we did great",0
stop feeding you idiot,1
haha gg wp everyone,0
lol this team is shit,1
good game well played yall,0
why u so dumb idiot,1
"gg wp team, well played!",0
why u feed idiot?! report him,1
"haha nice play, that was fun!",0
oh come on noob play better!,1
gg ez thx for the game,0
your dota skills r garbage lol,1
"loved that mid fight, wp",0
"what the fuck r u doing, retard",1
can u help bot next time?,0
stop feeding u fucking noob,1
gg ez game guys,0
you fucking retard,1
we played well team,0
wtf are you doing noob,1
nice play mid wp,0
haha got you good,0
can you not feed pls,0
stupid faggot feeder,1
lol this game was fun,0
moron go uninstal dota,1
gg wp well played guys,0
you fucking noob report him,1
hahaha team you did great,0
this game is easy lol,0
stop feeding you retard,1
why u no help the team?,0
fucking idiot go play bots,1
nice moves carry gg,0
what the fuck is his problem,1
ez game thanks team,0
"gg wp guys, well played",0
wtf r u doing idiot,1
haha nice try team,0
"you fucking noob, uninstall",1
this game is so easy lol,0
stop feeding! report him,1
"great teamwork, let's push",0
"u r all retards, gg",1
let's win this game team,0
"fuck you, learn to play",1
gg wp team,0
you fucking retard stop feeding,1
"nice play, well done!",0
can you fuckin stop dying pls,1
haha ez game guys,0
fuck this shit team sucks,1
"what a great match, ty everyone",0
ur all a bunch of idiots,1
easy win gg,0
play better or get out noob,1
