sentences,labels
ward the jungle please.anyone needs courier before I use it.great push let's keep it up,1  
"wasting my time with you idiots.""If I would"" know, I wouldn't play.",-1  
Why are you playing like a potato? Get it together. Reported for feeding and being useless.,-1  
"that was close, good defense team. we can turn this around. group for smoke now?. I'll help with mid",1  
"Let's coordinate the ganks.If we win the next fight, we'll take Roshan.Careful with their smoke gank, stay alert.",1  
"Nice kill top, let's push mid. Silent this game, huh? GG. You're awesome. Well played team!",1  
Good rotation mid. Carry is safe farming. Let's keep the pressure. GG!,1  
can't believe you missed that kill.hurry up and buy items,-1  
"Why are you always on my lane? Get out, I can't farm, ""fucking Invoker""",-1  
"If you would just listen, maybe we'd win. I can't carry alone when you all keep dying. Why even bother? Seriously, uninstall.",-1
please focus on objectives.the game is going well.great last fight guys,1
"""You're all useless!""""Report the clown that fed mid!""",-1  
"I'm reporting you.you're the worst Pudge.player of all time.just uninstall, please.",-1
Amazing defense team.they overextended.time for a base push.defend silence.planning is key,1  
"we definitely have this one in the bag.amazing job, team.I'll ward the jungle.",1  
"WTF are you doing?! Just uninstall already, it's so frustrating to play with you.",-1  
"""this game"" is over, you guys.""noob mid"" can't even farm.""want report"" after?.",-1
"great start team.let's secure the next rune.if you're low, back and heal.roaming top to help.push bot with me",1  
"Dude, you seriously need to uninstall. Stop feeding, you're terrible. Why do we even have you on the team?",-1  
"awesome teamwork guys.ward the jungle please.if we stick together, we win.",1  
player leave the game again.fucking report them.this is pathetic,-1  
"Nice dodging skills man, that was awesome.Let's keep up the pressure on top.I've got your back with heals.",1  
"Are you blind or just dumb? Stop feeding, we can’t carry you",-1  
"I just wanted to say, good job on that last play. Let’s focus on objectives now.",1  
what are you doing man.play your role.stop blaming others.you're toxic,-1  
Amazing comeback!keep up the good work.team synergy is on point.guard the shrine.,1  
"""Easy mid"" they said. ""Fucking Invoker, noob."" Play better or expect reports! You don't deserve MMR!",-1  
"I'll back you up, let's smoke gank.Trying to deward enemy jungle now.",1  
we're doing well.just need to keep our cool and focus.think before you init,1  
"Come on, you're all useless. What's with the feeding? Learn to play or go back to bots",-1  
I can’t believe we lost that one.what are you even doing?stop taking my farm.leave the lane now,-1  
"you're such a joke.”noob"" can’t even handle mid",-1  
Would you please listen and stop going alone? We need you here.,1  
i'm helping mid after this wave.we can push after that.easy game so far.great rotations everyone,1
"gg everyone, well played team.push mid next then take Rosh.who has smoke?",1
thanks for the support guys.keep it up.we can win this easily,1
hey team great job.let's keep up the pressure.don’t forget wards,1  
ok team.we need to focus on objectives.i'll support you guys,1  
"Pudge is feeding hard. We can't win like this. Smh, ""yeah go feed more""",-1  
"""why did you play rank?you're so useless.report this clown already!fucking noob mid player!""",-1  
"nicely done let's smoke and gank jungle.hold till I respawn.good game, folks. ",1  
"Jug, nice healing ward! Let’s push mid hard. We'll win this soon. Keep up the vision control team! ",1
"YOU ARE SUCH A JOKE, picking Pudge and dying five times.quit or get reported for feeding on purpose.",-1  
"dude, you play like my grandma.how are you 1k MMR?really, just quit.",-1  
"No worries guys, we'll get them next time! We can still win, stay calm and farm up.",1  
"GG, everyone. Well played. Keep the communication going. This is a fun match",1  
great strategy on that teamfight.don't forget to farm in between guys.keep it up,1  
"Failing so hard right now, report the noob right after.most useless team ever, can't believe I'm stuck here.again with the failed gank, well done...not",-1
Can't believe this team.what a bunch of noobs.I hope you all uninstall after this,-1  
"Awesome synergy this match. If we keep it up, victory is ours. Ward jungle please!",1  
"Let's focus on objectives. If we win mid, others will follow. We're doing great!",1  
"Unbelievable, you're so dumb, can't even play one hero right. GG, go back to practice mode",-1  
"Please report this feeder. You're wasting my time, just uninstall. I can't believe this team.",-1  
Fucking useless team.are you all blind or what.time to uninstall and save us the pain.,-1  
"Nice farm on Luna! Keep pushing the lane and we'll dominate. If possible, deny the creeps too!",1  
easy game.they didn't even stand a chance.great teamwork,1  
We could win if invoker wasn’t feeding.WHY ARE YOU ALL SO BAD.Stop diving the enemy please,-1  
your build is terrible.how do you think we'll win if you keep messing up?just uninstall,-1  
you guys ready? let’s stick together for the next push.ward the jungle please.good job on the last team fight,1  
what a throw.you're all useless.move out of my lane.first time playing?,-1  
"dude, are you even trying? you're feeding the enemy.stop blaming others.learn how to play your role",-1  
"Can you stop feeding already? We’re losing because of you. ""How this one dude dies every time?""",-1  
"Fucking hell, why don't you ever support?You're such a noob, it's ridiculous!",-1  
always dying mid.please learn the game you moron.I have to carry this shit show every time,-1  
"""Fuck, are you serious?"" Stop taking last hits, ""I can't farm this way""",-1  
"can we get some wards up please.also, don't forget to deward the jungle.",1  
"Report that guy, he's feeding on purpose. Such a noob!",-1  
"you're such a noob.go play bot games.""how did you even get here?seriously, uninstall",-1  
YOU ARE SUCH A NOOB.fucking useless.learn to play before queuing ranked.,-1  
Nice plays everyone.Let's rosh now and take high ground.I'll ward top jungle,1  
"What the hell are you doing, feeding again? It's not that hard to play safe. Bet you're 1k MMR. Think before acting, please. You're costing us the game.",-1  
"Let's go for Roshan after the tower. Good job on the mid gank, keep it up. Warding the jungle now",1  
i can't believe this. you're all feeding. learn to play. this is disgusting,-1  
awesome play top lane.i'll stack jungle for you.let's group for a push after 20 mins,1
"WOW, you really can't last hit, noob. Hope you uninstall. You're dragging us down.",-1  
stop feeding.you're making this game harder than it should be.learn to play or quit DOTA ,-1  
"I got the ward on river.keep it tight.and don't rush alone.we can win if we team.nodeath's need more protection.high ground, stay",1  
"Why the hell go jungle, you're useless. How can you miss that stun? Seriously, you're such a trash player",-1  
"Mid needs help guys. Let's take Roshan after this. Wards are up, good job everyone. Stick together and we got this.",1  
"""Let's go mid"", then farm jungle.If we stick together, we can win.",1
"again, you’re dying solo. it's not that hard, just stick together",-1  
"Nice comeback team, keep the pressure! Protect the high ground and control the runes!",1  
"No wards? Really? You expect us to carry this? Smh. Do something, team.",-1  
GG this game was so fun.thank you team for the support.let's try and win next time!,1  
"nice try team.we almost had that one.great plays, everyone.",1  
"We can come back from this, no worries.watch out for their carry.let's farm up guys",1  
great game everyone.love the teamwork.keep it up guys.push right after this wave,1
Seriously? How do you still not have boots? Get it together! this is why we lose games,-1  
"mid's open.please"" just go.for once, don't fucking feed, 1k trash",-1  
'how did you even get to this MMR? complete joke.You ARE such a burden.,-1  
"Nice gank top, well done team. Ward mid please. If we group, we can push now. Let's win this!",1  
"Are you serious?That's some bullshit gameplay, dude.I can't believe this.",-1  
"Are you even trying to win? How can you die like that repeatedly? Game's over with you, uninstall please!",-1  
"Awesome play, guys! Let's stick together for the final push. Watch out, they're smoking",1  
"Great teamwork, guys! If we keep this up, it's an easy game. Let's secure the runes and push.",1  
"""Nice play!""I liked your use of skills.""Let's win this!""",1  
"hey noob"" you want to lose the game for us?stop feeding and learn to play.",-1  
"Seriously, why do you even play this game? Go uninstall, you're useless. Feeding mid all game. Blame your lane.",-1  
"Good teamwork!Let’s push top.I’ll ward the jungle, watch for ganks.",1  
let's group up and push mid.I have wards for vision.good luck everyone,1  
"let's focus on taking the next objective. great teamwork so far, guys! keep up the good work and we'll secure the win.",1  
"seriously, can't even last hit properly?you're so bad.mid is lost.",-1  
"can you ward the high ground?I'm coming top to help.get ready to dive under tower.good job, keep it up",1  
don't blame Legion for the loss.you're just as bad.position yourself better next time,-1
seriously?grow up and play like a team.stop whining,-1
god you’re the reason we lose every match.just uninstall and stop wasting time.,-1  
What the hell?!You guys are the worst teammates ever.Fix your mistakes or I AFK.,-1  
Nice job team.thanks for the help on that gank.let’s group for the final push.good vibes all around,1  
"awesome stun, Lina!I like how you handled that.sentry mid when we respawn?gg well played",1  
"Can you stop feeding? It's like you learned nothing. Just go play another game, noob. I can't carry you all the time. ",-1
"If anyone wants to swap lanes, let me know. I'm flexible wherever needed.",1  
"Nice gank in the jungle, everyone. Keep up the pressure! We have a good chance to take the tower. I'll cover mid while you all push.",1
I believe we can win this. Stick together and focus on objectives. I'll ward.,1  
I need wards on Roshan.we can catch their carry if we push together.it's all about team play.,1  
"gg noobs, you're so useless. Fuck, there’s absolutely nothing you can do right.",-1  
"Why are you guys so bad? Can't you see the map? Work together, idiots!",-1  
nice try guys next time we can win.stick together.defend the tower and keep it up.,1  
"you guys seriously suck.I can't believe this team.fucking noobs.report Invoker for feeding.seriously, what the fuck?",-1  
"push mid hard.we need more wards. awesome combo, Pudge.let's keep it going",1  
"Nice job team! Need a little more coordination top. Can we please get wards on river? Let's take the tower at mid, good moves!",1  
Let's group up and push mid as five. Great job on Roshan. Keep vision up team!,1  
"""I'll take care of warding.""I'll follow you top lane.Let's secure Roshan next, then push.",1  
"If you would just listen, we could actually win this game.",-1  
"Let’s group for a smoke, we can take Roshan. Good job on that tower",1  
"If we play smart, we can win. Great job on that kill. We are almost ahead in farm. Keep pushing lanes.",1  
can't believe you picked Sniper again.seriously get some skills.it's like playing with bots,-1  
"I'll take mid, please call your lanes. Good luck, have fun everyone! Stick to the plan.",1  
that was a close fight.I'll go mid and cover.can someone defend our base?,1  
"hey Invoker, your skills are a joke.go play in ranked games for noobs.what a waste",-1  
stop feeding dude.worthless player.can't believe this team.,-1
nice try everyone.let's focus on objectives.we can turn this around.,1  
Let's control runes and get some vision.can someone buy smoke and we can gank as five.fantastic game plan guys,1  
"I can't believe you missed that stun AGAIN! How are you even in this game? Wow, just wow.",-1  
"Congratulations, team! Awesome comeback, I had doubts. ""See, ""how we executed the perfect strategy? ",1  
"Wow, great play! Keep it going. We should try to take down the bottom tower now.",1  
"Well played top lane, let’s keep the pressure!I can roam after next creep wave.",1  
"Great defense, guys. Let's rotate top and keep up the pressure.",1  
"""Are you even trying?""this is embarrassing.get your act together or just quit already",-1  
"dude, use your spells!we don't need more feeders.feel free to uninstall.",-1  
"If you want to win, coordinate better. I can see you guys are trying, let's go for it.",1
"perfect rotations, guys.let's keep vision up.need wards in jungle.",1
"great job team, keep up the pressure.top lane needs help.if you can spare a tp it’d be great",1
When are you going to stop dying? This is ridiculous.How hard is it to follow up?Why are you even in this game?,-1
great job!we turned that fight around.can't wait for next game,1  
"I'm going mid, need help top! Let's focus on objectives. Good team fight, let's keep it up.",1
nice teamwork everyone.push top early and win.ward the jungle please,1  
"Let’s coordinate on voice chat, I’ll direct top and mid rotations. Good start, we can do this. Great positioning there. Keep up the excellent work!",1  
"why does this always happen with randoms?. no map awareness at all from you guys. pathetic play, lose faster",-1  
gg wp all.we can push mid now.stick together team.ward both runes and we got this,1  
"welp, gg no re. easy game. I’ll commend support for those plays",1  
can we group and push top?vision is our key to win.don't overextend. ,1  
"you are such a noob,fucking report that guy.he's gonna make us lose",-1
Awesome teamwork! That last fight was great. Let's finish strong and win this.,1  
"I guess there's no hope with you guys.give up and stop feeding before it's too late.blame"" you for this loss.""report please",-1  
stop dying solo you noob. Why the fuck are you even playing this game? trash team,-1  
"Focus on objectives, not chasing them. I’ll smoke us near the secret shop. Communication wins plays",1  
what a waste of time.you guys are awful.can't even last hit,-1  
Let's push mid!I have a good feeling about this.just follow me.,1  
"Please go report that noob. He doesn't know how to play. You're so fucking annoying, just leave.",-1  
"OMG are you serious guys?thought we were taking mid.not gonna lie, this is a disaster.just uninstall, please.",-1  
"You're such a noob, feed more. I can't believe this team. GG go next.",-1  
Report this clown please.They can't play for shit.Stop feeding or get out.Why are you even trying?Pathetic.,-1  
"nice rotation on top.""I like how you handled that fight""",1  
Push mid after we clear the jungle.huge teamfight incoming.that was a clutch escape.,1  
Solid laning phase. I appreciate the ganks. Let's stick together for the final push.,1  
"You're all trash, uninstall now.FUCK this game.WHY do I always get matched with noobs?",-1  
Great teamwork everyone! Let's keep this momentum.Watch out for enemy coming from top lane.Shall we go for Roshan now?,1
"Are we even playing the same game? Why is everyone so bad? Report them all, please.",-1  
"You guys are complete idiots. Why are we losing mid when I specifically said to defend? It's like none of you can listen. Report this clown, please.",-1  
"“Why would you even pick that hero? You’re a joke, reported.",-1  
"Oh my god, can you stop feeding? I can't carry your lazy asses alone. Play smarter.",-1  
"can't believe you're so bad.""report noob"" next time blame""",-1  
"fucking noob Invoker.""I told you"" to back.you keep throwing.game's over, losers.",-1
"keep up the pressure.if we can pick off their carry, we turn this around",1  
Maybe try supporting better next time. I can't carry when you're feeding. Please learn your role.,-1  
"Great, you fed Luna again.You're truly the worst player I've seen.Seriously, do you even know how to play any hero?",-1  
"""Great job team"", nice wards.Let's keep up the pressure.Please d-ward.",1
"Luna, nice work with the farm. ""If you want, I can help you control the map.""",1  
"Why are you all so bad?! get it together team, or we lose.can't carry these idiots anymore.report all of them, wow.",-1
"This game is so easy, we got this. I'm going to buy a smoke for a gank. Let's catch them off guard.",1  
"If we group up and push mid, we can end the game in 5 minutes.Let's do it!",1  
"Great teamwork! I think we can push the bottom lane. If you need help, let me know. Keep up the pressure, friends!",1  
If we group up we can win this one.let's push top when ready.ward jungle please,1  
come on mate stop dying. you're 0-10.what's your problem? do you even know how to play,-1  
"Nice stack there, Jug! ""If mid is free, I'll push"". Let's group for Roshan.",1  
Why don't you switch lanes you're clearly losing.just play safe for now.we can win later,-1  
Let's set up for Roshan and then push mid. Good job on map control so far!,1  
"Well played team, let’s keep up the pressure. We can take the next tower easily. Watch for ganks.",1  
"Here we go, feeding again!""why can't you just play safe?""stop giving them free kills",-1  
why did you go AFK.stick to the plan.next time I'll report you,-1  
let’s smoke gank after neutrals. awesome alt by our Phoenix,1  
"you're all useless, stop feeding.no wonder we're losing.who even taught you to play?",-1  
"gj team, that was a great fight. let’s focus mid now. I’ll ward bot",1  
"You’re all feeding, just uninstall. Can’t believe you idiots don’t know how to play. Worst team ever",-1  
"Nice teamwork, keep the pressure on them.Easy game if we take control of the map.",1  
"Fucking Invoker, always feeding and doing nothing. Why are you here? Sheesh, it’s like watching a trainwreck. Shut up already.",-1  
"you're such a noob.stop feeding.i can't carry this alone.""",-1  
Keep it up!We can turn this around!Ultimate ready soon.,1  
"Why no ganks? You all suck, absolutely useless. Just uninstall already",-1  
stop blaming others when you're the one feeding.what's the point of playing like this?,-1  
"Wow, no teamwork at all with you guys. This game is such a waste of time.",-1  
"GG team, that was tough, but good push at the end. Keep it up!",1  
Nice kill there! Keep it up. I'm going to ward. Watch out for ganks. Let's focus on objectives. Push mid after Roshan.,1  
Can you please get back.stop feeding already.just uninstall this game.god you're trash,-1  
push top now.I'm keeping an eye on bottom rune.hang in there,1  
great teamwork everyone.keep it up.let’s win this!,1  
"learn the game before you queue again.what were you even thinking last fight?wow, incredible.",-1  
good job guys.keep it up.please ward for late game transition.focus rosh after outer towers,1
Play safe until level 6. I'll deward the jungle. Can someone cover mid while I roam?,1  
nice job everyone.let's keep pushing mid.keep up the good work.ward please if you can,1  
"""What was that move? if you can't play, get out of mid""",-1  
Help me with defending the top tower. I’ll buy detection for Shadowblade. Nice rotations so far!,1  
"this is annoying.stop feeding, please.what is wrong with everyone?""how are you so bad",fucking- -1
Nice assist on that stun.I'll stack the camp.Let's push the mid tower guys.Great teamwork all around!,1
ward jungle.guys we got this.good call on the tower dive,1  
"""report noob"" fucking void, can't believe this game.",-1  
top lane needs help.I'll tp and cover.let’s win this,1  
"Great job team, keep pushing mid. Let's ward the jungle for safety. Good luck everyone!",1  
gg wp everyone.safe lane was strong.let's go again next time.i'll ward top and bot for you guys,1
"""Why can't you just listen? You're awful at this game, seriously.",-1  
"Are you even playing, or just trolling around? Jesus, go play Tutorial first. Fucking unbelievable. Report this clown!",-1  
"You call that a gank? Get your head in the game, useless moron. Stop throwing already.",-1
"I can't carry this alone.NP is useless, can't even push lanes.fuck this team.",-1  
"YOU missed every stun, SUCH a pathetic player, career ends here.You still in base? Move.",-1
what is this game. you're all brainless. can't even last hit. report you noob,-1  
creeps are pushing top.I'll defend there.let’s take Rosh when I'm back,1  
"Why did you pick that hero?We need stuns, not you being useless all game.",-1  
YOU SUCK SO MUCH.it's like you're not even trying.learn to play or quit!,-1  
Get out of your jungle you noob! You're feeding them with your stupid plays,-1  
Can you stop feeding already? We need you to actually play the game and not drag us down.,-1  
ugh seriously again?can you stop feeding already?you're the reason we lose every time,-1
"nice play top lane.let’s group up for rosh.if we win next fight, we take racks.",1  
"the lag is unreal.still, we can win this game.stick together now!",1  
"gj team, let's rotate to top now. I'll buy wards and deward enemy jungle. protect our carry, please.",1  
nice play team.let’s defend the tower.mid is under attack.pull back.,1  
"why the hell are you feeding mid?. stop being useless. just uninstall the game already, you noob. report that idiot",-1  
"nice game guys. let's take Roshan next. if you need wards, I've got extra. try focusing mid when you respawn.",1  
"Oh, look who's feeding again! You're seriously making this harder for everyone, get a clue.",-1  
great teamwork everyone.let's keep it up.we can win this,1  
"Thanks for the save mid, I owe you one.If we stick together, we can win.",1  
"I'll take mid.thanks for the help.top secure, roam gank anyone?",1  
"Nice ult, that saved us. We take the lead now. Ward high ground if you can.",1  
we need better coordination.stick together and we'll win.can anyone slow enemies?,1  
"Stop farming jungles! Seriously, are you even trying to win this? Such a waste of time.",-1  
Can anyone gank mid? I need to catch up on farm.Stack camps after this wave please.Good execution on the last fight!,1  
great support! i got the last hit.gonna rotate.have my ultimate ready,1
"wow, can't believe you got caught again.do you even know the game?",-1
stop feeding noob.what are you doing.always making us lose the game.,-1  
"Everyone group up and push. Lane is clear, let's take advantage. Thanks for the help.",1
"Terrible plays. ""easy mid"". ""fuck, I got this last hit, you noob"". Why can't you just win?",-1  
bro you're such a noob can you even play the game right.wtf are you doing mid,-1  
"Try to hold the top lane, I'm going mid now.Let's ward the river after this wave.Nice play there, let's keep it up.",1
"Why are you even playing in ranked? Stop blaming others, you’re just awful. Can’t carry this garbage team!",-1  
Let's focus on objectives. Play smart. You guys are doing great. Victory is on our side with this teamwork.,1  
"Fucking noob, why didn't you gank mid? Can't win with this team.",-1
Good game everyone. That was a fun match. Let's do it again sometime.,1  
great job with the gank.let's do that again.bot needs help,1  
fucking Invoker always playing like a noob.stop feeding already and play safe.why do I get matched with idiots?,-1
Ward more so they can't catch us off guard.farm hard until late game.roshan is up soon,1  
GL HF everyone. Let's stay positive and communicate. I’ll ward and watch for ganks. Stick together and we can win this easily. Great job so far!,1  
"thanks for the save back there, it was clutch.let's group for a push mid after this wave",1  
"What are you doing, man? You keep feeding. ""report noob"" in the jungle again. Can't win with this team. GG noobs.",-1  
Why the fuck didn't you rotate? Wish we had real players instead of bots on our team.,-1
"nice game, let's keep it up, everyone! We should stick together more. If we push mid, we can win this. Don't forget to ward the jungle, please.",1  
"Don't overextend guys, playing safe wins games.push top once we clear the jungle.ward placements are perfect, thanks a lot",1
"""If we focus on objectives, we can take this. I believe in our team!"". Hold the line, guys!",1  
let's play safe and stick together.try to push bot after cooldown,1
"Good call to push top. I can TP to help if needed. I'm stacking ancients, keep an eye on mid. We still have the gold lead! Let's go, team!",1  
what a stupid play.are you even trying.you're costing us the win.,-1  
"Push mid now, they're all dead. Watch for their respawn, though. Nice teamwork!",1  
"OMG, you're all so bad, it's hilarious. can't carry you all. I should just afk. worst game ever",-1  
"If we focus on Rosh, I think we can turn this around.Anyone got wards?I’m low on gold.",1  
Stop feeding and push the lanes. You're such a noob.,-1  
why are you even in this game?.report you for feeding.uninstall please,-1  
"Man, you are the worst support ever! Why do I always get stuck with feeders. You're useless!",-1  
Why can't you idiots play your lanes correctly? I swear this team is full of noobs.,-1  
"easy mid.diffusal next item.gl hf, everyone.stick together",1  
"Look at that escape from our Jug! Nicely done! If we keep the pressure on mid, we win easy! Anyone got a smoke? ",1
commend you guys. awesome gameplay. let's keep map control. well done,1  
"lol, nice feeding. Want to lose more? Just uninstall the game after this, noob!",-1  
"Nice save, Luna.your support is on point.""If we team up, we can dominate.",1  
"we lost because you fed.""If only you knew how to play.",-1  
"Keep cool everyone, we got this.I'll buy wards for better vision.Well played! That engage was perfect.",1  
"Good play, man. Let’s keep this pressure. I’ll deny mid creeps, just keep pushing bottom. Stay safe.",1  
"This team is so bad, just gg already.You guys are all useless, report.",-1  
report this noob please.such a waste of a match.thanks for destroying our game,-1  
you call this playing? quit trolling and get serious. report if you keep feeding.,-1  
everyone focus their carry next fight.let's group up and push the high ground.,1  
"Nice play everyone, keep it up.You’re doing great.Let’s focus on objectives and win this game.",1  
that was a sick combo!I love this teamwork.let's keep it up,1
let's group up for a smoke.great pick-offs guys.well played around mid,1
"""Fuck, Invoker noob."" rofl why do you play if you're this bad? *facepalm* really.",-1  
mid was open the whole time.I can't believe this team.if only you knew how to play.,-1  
Great coordination guys.keep it up and we'll win easily.make sure to ward the jungle,1  
You guys suck.stop feeding and learn the game.just uninstall already,-1  
"""this is getting annoying""Oh come on, void.""If you can't play, just quit.",-1  
Nice teamwork! Keep up the pressure. Let's focus on objectives now. Protect our carry!,1  
Nice gank on mid. Keep the pressure on towers. We got this!,1  
"What are you doing? YOU ARE SUCH A NOOB. Stop feeding! Uninstall the game, pls.",-1  
This is so boring. I can't believe I queued with you people. Worst game ever.,-1  
"You ARE SUCH A NOOB. Why are you even playing? Just uninstall the game already. You're making us lose. Report the mid, please.",-1
"""YOU ARE SUCH"" trash, stop blaming me.Focus on your own game.""Fuck this"" lane, I'm out",-1  
"""Fuck, mid lost so hard.I can’t believe Invoker is feeding so much.we're definitely losing""",-1  
"Great game team, let's keep this momentum going. Watch out for top lane. Can someone ward the jungle?",1  
Please cover the jungle. I need to farm for my BKB and then we can fight.,1  
Good job on that escape!The timing was perfect alright.Let's smoke gank top,1  
can't believe how bad you are.I knew I should've dodged this game,-1
ggwp team that was amazing.you guys were awesome with those rotations.happy to have played this game with you all.,1  
"Yeah, blame the support for your terrible plays. You're all reported, especially you, carry.",-1  
"nice try at stealing, dude, but I'm not impressed.stop trolling already.learn to last hit",-1  
"You're not even trying hard. If you don’t want to win, just say it. Reporting you",-1  
"we could win if you play your lane and don't feed.this isn't hard""",-1  
"Keep it up, team. Great job in that last fight. Let’s keep the pressure on!",1  
"""Hey, stop feeding! ""I already reported you. ""If you don't improve, we'll lose for sure.Noob!",-1
YOURE SUCH AN IDIOT!Why are you even playing this game?Report him for being useless!,-1  
Great work on that last push! We can win if we focus. I'll buy wards and dust,1  
"Can't you just listen? I said don't engage alone, but you keep doing the same crap",-1  
"You're all playing so poorly. I can't win with you all dragging us down. ""report noob"" mid lost us the game.",-1  
"Nice ward placement, we have good vision.I'll go mid now, let's push together.Looking good team, keep it up!",1  
"You gotta be kidding me! FUCK mid! ""You' ARE SUCH a trash player. Would you stop feeding? Just report.",-1  
"Let's focus on objectives instead of chasing kills.If we smoke now, we can surprise them.Let's finish strong, nice job everyone!",1  
I think we can win.if we play smart and stay together,1  
"Need to defend high ground.Stay grouped, let's push mid.",1  
"I can't believe how bad you are.do you even know how to play this game?stop dying, noobs.",-1  
"Why are you feeding mid?! You're such a noob. Report this guy, he's a joke. Can't carry if you keep dying.",-1  
seriously? you're such a noob.fucking report them.time to take this seriously,-1  
Invoker carry you noob.why feed mid?fucking useless can't you pick a proper hero?get lost!,-1  
if you don't care just go AFK.no point in trying if you're playing like this.this is ridiculous,-1
"""damn, Invoker.why you even pick a hero you can't play?this game is a mess",-1  
"good luck everyone.let's win this.i'll ward top.if anyone needs help, just ping. ",1  
You call that skill? Get better teammates next time. This is embarrassing for you,-1  
Let's focus on objectives guys. Push mid when ready. Good luck! We got this!,1  
Nice play everyone! Let's make sure to ward around the river. Keep up the good work!,1  
"Are you even trying? This is pathetic.Go uninstall the game.Noob team, no rotation, just feed.",-1
Nice gank top team. Let's keep up the pressure. Ward bottom while we push mid. We got this,1  
nice defense at the tower.let's get roshan for an advantage.,1  
"This game is so easy! ""You noobs! Can't even defend! ""I'll carry you useless team! ""Easy win for me!",-1
"Hey, let's cover top, they're pushing hard. We need better map control. You're doing great.",1
"Let's contest Rosh, they might be there. We should defend mid tier 2. Good rotation, Earthshaker.",1  
"Push bottom together after Roshan. Great communication, team! Keep it up!",1  
"stop feeding, dude.do you even know how to play?this is why we lose.",-1
"just another toxic game.fuck this team.no map awareness.you all suck, report please",-1  
"Lol, bot lane is such a joke. Stop feeding them kills, you noob. I swear.",-1  
this game is too easy.wow.can't believe what I’m seeing.mid should have been an insta-win,-1  
you're ACTUALLY useless.just don't get how you mess this up everytime,-1
"Solid draft, team! Let's group up and take the top tower. Remember to counter ward their jungle. With good coordination, we'll win!",1
"What are you even doing, feeding like no end? Learn to play, please. You’re the worst.",-1  
good game team nicely done.can we smoke top soon.hold high ground for the next fight,1  
You're all trash. Why am I on this team? Learn to play. Report this feeder.,-1  
if we control the map we’ll win.stick together and focus fire on the carry.ward deep to see rotations,1  
"Oh, come on! How did you die again? You're a joke, man. Report this fool!",-1  
"Can we switch lanes? I'm struggling top, sorry for any trouble. Good luck everyone, let's win this!",1  
"if you keep feeding, we lose.I'm not surprised anymore.fucking hell, this game is just lost",-1  
"you all suck at this game.""fuck, I can't watch this anymore""",-1  
"YOU ARE FUCK SUCH noob, let me play solo next time.",-1  
we're losing the lanes guys.but we can still make a comeback.stay positive,1  
"Who taught you to play like this?You're all useless, can't carry this alone.Every time, this stupid team drags me down.",-1  
Nice ganks team! Let's take Rosh next. Protect the top lane please. Good luck everyone!,1  
"noob, learn to play.just uninstall the game.if you can't, why bother?",-1  
"Mid was tough, but we can win. Let's group and fight together. Stay positive, guys.",1  
"What a waste, how do you screw that up? It’s like playing with bots. Just surrender already",-1  
"Stop acting like a feeder, play properly or just leave. You should uninstall DOTA, seriously",-1  
if we group up mid we can win.don't forget to farm the jungle.let’s get that roshan,1  
"please just uninstall.""how did you get to this rank?""you’re embarrassing""",-1  
Why are you diving alone? Play smart. We need your help in fights.,1
"If you all don't stop blaming and just play, we'll lose for sure. Chill out and focus, please.",1  
"if you keep diving alone, we lose.stop the solo plays and coordinate",-1  
What the heck are you doing?You’re such a noob.I can't carry this trash.,-1  
Thanks for the save there retreat now.Keep pushing top we’ve got this under control,1  
Great job everyone.let’s stick together and push all lanes.we can secure victory with your great support plays.,1  
Push now while their mid is down.great teamwork on that last fight.glad we're communicating effectively,1
You're the reason we lose.report losing noob.fucking useless,-1  
good teamwork everyone.roaming strats are working.keep the pressure on them.,1  
"How many times do I have to say it, stop feeding!we can't carry this if you're constantly dead.what a joke of a team",-1
Nice save Magnus! That was a game-changing RP. Let's push and end this.,1  
"let's group up top. great job, team! keep up the pressure.need more vision in their jungle",1  
"why didn't you go mid, noob?always feeding, useless player",-1  
"Mid's doing well, let's support them. Keep vision up. Nice rotations, team!",1  
"You missed every hook, just quit already. Pudge too fat to move",-1  
"OMG dude, don't go in alone. You're just feeding at this point. Play smart!",-1  
"Way to go with that combo, perfectly timed. Let’s do this team",1  
Push bot lane after this wave.Let’s group up and take Roshan.Great teamwork we’re doing awesome,1  
"can we group up soon? please push bottom together. good job in last fight, keep it up!",1  
fucking useless team.are you even trying?I can’t carry you all.,-1  
Stop taking my farm!What are you even doing? Learn to play.,-1  
get your shit together you noob.or just uninstall already.learn to play,-1  
Easy game guys.We did well.Let's group up and finish mid.,1  
"sorry for the mistake.I'll cover the top lane.no worries, team.",1  
ready to push lanes? let’s win this with our ultimates. great job,1  
why are you all wasting time. we need to push mid. this isn't hard,-1  
I'll TP top after clearing this wave. We need to stay together for team fights.,1  
"""Report this idiot Pudge, you want to lose, don’t you?"" Seriously? Please go uninstall.",-1  
"Good job on that last fight guys! I think if we can hold out a bit longer, we got this in the bag. ",1  
"You guys are so bad, why are you even playing. Can't carry even if your life depended on it. Learn to play",-1  
Sorry for the missed stun earlier.I’ll do better next time.Let’s regroup and push.,1  
understand how to play or uninstall.stop blaming others.your skill is trash.,-1  
Why don't you just uninstall? You're making us lose. My divine rank is dropping because of you.,-1  
"Come on, why didn't you deny the rune? You're so bad. Already losing this because of you. Report mid.",-1  
"you're awesome, keep it up.can't believe we turned that fight around!",1
"Invoker, your sun strike was legendary.great timing there!let's do the same next wave.",1
"got divine"".I don't believe they caught me there.""how this can happen?",-1  
"I’ll cover bottom while you guys push top. Nice stun, keep harassing their Luna.",1  
You're a useless support.Can't even ward properly.stop whining and git gud,-1  
Ward there.You wanna rush Rosh after this tower?Be careful top.,1  
The message would directly improve The English.if I saw another one.like I mentioned,1  
Can someone check Roshan?Let's defend the tower next.I'll buy wards next round.,1
mid is a disaster because of you.guess ranked is too much for some people,-1
You all need to uninstall if you think this is how Dota is played. Absolutely disgraceful performance.,-1  
Focus on objectives. We need vision in their jungle. Good luck.,1  
"OMG, you guys are so bad. I can't carry this team alone!",-1  
"""report this Luna.baited all game.you fucked it.we lost because of you""",-1  
guys back off!they’re closing in.regroup high ground.,1  
I can't believe this team. Why even pick that hero? Just uninstall already. You're too bad.,-1  
"Thanks for covering top while I farmed.no wasted time on that tower, great job.look out for backdoors, everyone",1
"Nice denies Invoker, keep the pressure mid. I’ll rotate after farming",1  
"Great teamwork, everyone. Keep it up! Push bottom after we secure the next tower. Awesome combo on Luna, well done! Keep warding the jungle.",1  
"great job so far team.if you can go mid, i'll take top.are we warding?let's push top after we get roshan",1
I'll stack the camp. You can take the next wave. Remember to ward. Looking good!,1  
"Stop getting caught solo, morons. How hard is it to group up? You’re wasting my time here",-1  
"You're doing great, guys. Let's focus on objectives. Someone ward top, please. Watch out for ganks. We're ahead in gold, let's keep it up. Good vibes.",1  
"Good rotation, we're controlling the game well. Let's regroup and take top barracks next",1  
You guys are the worst. Why even bother playing if you're this bad? Pathetic team.,-1  
Here we go again with your stupid mistakes.Can't you just play safe for once?,-1  
"""Good job guys"", that was perfect timing. ""Mid is ours now."" Keep it up.",1  
"push mid after this creep wave.they have vision here, careful.need wards in river.we got this team",1  
"GGWP, let’s queue up as a party next match. It was great playing with you all. ",1  
fucking void what are you doing?just farm and don't die again,-1
YOU ARE SUCH A JOKE.This game is unwinnable with you.report this clown,-1  
"Good game plan, let's stick to it.I like the way ""you're playing"".Let's win this boys",1  
nice try team.we did our best.need to improve last hits,1  
That Eul's was on point!Let's focus Luna next.I''ll deward around mid,1  
"Good teamwork, everyone. Let's keep the pressure up. I'll handle wards.",1  
Thanks for saving me. You're the best support! Let's hit top tower next. GG all!,1  
let’s go push bot lane after clearing jungle.I'll deward.,1  
"Nice game so far.Keep up the warding, we can control the map.""If you’re low, heal and regroup.",1
The message translation direct English. is a very interesting topic.,1  
nice try but that was a total disaster.would be great if you could actually help.,-1  
nice teamwork let's do it again.hold tower I'm tp'ing back this game is ours,1  
"If that was your plan, then gg. I can't believe they picked you. Keep dreaming, loser.",-1  
Nice ulti dude!Let's pick off their carry and push the bottom tower.Stick together!,1  
can you just do your job.stop feeding like a noob.we're losing because of you.,-1  
"great stuns, Lion! we can win if we stick together.need a smoke for gank",1  
can we focus on objectives please?. we can win if we play smart. nice save on the courier. I'll ward top now,1  
"""where's the damage you promised us.you're useless this game""",-1  
"Dude, why are you feeding? Such a noob move. If you can't play, just leave. Seriously, WTF.",-1  
"OMG, can you stop dying already?! You're making it a 4v6. This is ridiculous, just stop feeding!",-1  
"""how did you"" miss that stun?.you keep feeding bot.CM is useless this game.""fucking report"" her.",-1
look alive! someone's trying to gank bot.get back and we can regroup.great synergy today,1  
"OMG, stop KS'ing all the kills! You're making it impossible to farm!",-1  
awesome double kill!let's keep this momentum up.we can win this for sure,1
"Mid is clear, go for it.I have a smoke, who's ready?",1  
"If we hold top, I can ward dragon pit. Keep an eye on cooldowns. Well done on the last fight, nice escape. Let's stay chill and focused.",1  
"YOU ARE SUCH A NOOB. go farm jungle if you can't play. fuck, why am I stuck with losers",-1  
Great job with that gank! Let's keep the pressure on mid. Watch out for incoming smokes.,1  
epic save last game.nice teamwork.let's do it again.ward jungle please,1
"Seriously, you think you can carry? Could you stop feeding already? This game is a mess because of you, idiot!",-1  
thanks for healing me.let's take their rax.bot lane needs defense.GG,1  
"Keep the wards up. I'm going to stack camps. Let's finish strong. Nice ulti, by the way.",1  
"Push mid tower now. I'm ready for a team fight. If we play smart, we can take the lead. Defend top after. Well played, keep it up!",1  
"Yeah, blame me for everything.You're the one feeding nonstop, genius.",-1  
"It's all your fault we lost mid. Seriously, do you even know how to last hit? Switch lanes or we lose.",-1  
"Learn to play, dude. Just report this guy please. What a waste of a slot.",-1  
we're on fire keep the lanes pushed.let's rosh after kill,1
Great teamwork! Let’s hold and push high ground together. Good positioning on last fight. Keep it up.,1  
"""how did you miss that last hit?such a noob play.report please""",-1  
"lane's over.why no support here?feeders all around, really great!",-1  
"""why die?"" always this happens with you guys.time to practice more.",1  
great teamwork guys.let's group and take the tower.nice save there,1  
What a game.good luck next.i’ll support again.you’re a great team!,1  
"Wow, you guys are trash. Please uninstall. Stop feeding. Why even queue if you're this bad?",-1  
stop losing your lane. why are you even playing. report you noob,-1  
The mid lane was tough.need help with top.we should defend tower now.wait for the respawn,1  
why are you feeding dude?get it together.we can’t carry you forever.I'm not here to babysit,-1  
amazing synergy team.I'll go deward their jungle.keep pressure on mid.,1
"Oh, look who's mad. Maybe stop 1k MMR strats and actually contribute. Pathetic, really.",-1
"Watch out for missing mid. I'll help top soon. Nice play, Luna.",1  
"Amazing teamwork, let's keep it up! Push while they're down. I can TP bot to defend.",1  
I can't believe how bad you are.stop dying alone.always out of position.just quit already,-1  
"GJ on the ganks, guys. Let's take towers next. Careful bot, someone's missing.",1  
"""you’re such a noob, go uninstall.fucking useless.can’t you last hit?",-1  
nice gank there. keep it up. we're controlling the map. let's proceed,1  
can we focus on objectives instead of kills?.good game so far,1  
"Let's roam as a team after next creep wave. We need more vision in their jungle. I have dust for their invis. I'll back you up, just ping me.",1  
"Mid open. No one goes there, right? Just leave it. Idiots everywhere.",-1  
This is such a mess. I’m not stuck in a 1k game for this. Would you even try to win? Report and move on. So frustrating.,-1  
good rotations everyone.let's keep the map control.defend mid while I'm dead,1  
the English: say I should push top.message The translation is I defend bottom,1  
"Why didn't you ward? You're the reason we're losing. Report everyone, they're hopeless.",-1  
Seriously? Can you stop feeding already? You're making this lose. SUCH A JOKE!,-1  
"ward the jungle so we can farm safely.I've got a smoke, let's group.and don't forget to watch for rotations",1  
Honestly just report Invoker.He’s been AFK the whole time.Doesn’t even care about the game,-1  
"Dude, can you not feed!?! You're such a noob, always taking my farm. Are you even trying?!",-1  
You guys did well. Glad to be in this team. Let’s group up for next fight. We can win this one,1  
wtf are you doing? learn to play. can't believe this team is so bad.,-1  
"""how the fuck are you so bad.what a joke.report this feeder""",-1  
do something useful for once.send help bot I need it,-1  
"Why do you keep feeding? You're such a noob. Report this trash player already, so annoying.",-1  
I can't believe you're this bad. Just uninstall now. How are you even in this tier?,-1  
"You're such a troll, throwing the game like this. It's like you're playing against us. Report this noob",-1  
"GG WP. Great teamwork. Awesome hooks, Pudge. Keep it up! Let's secure top tower next.",1  
ward the river. keep an eye on their carry. let's fight around Roshan. nice play bot,1  
"Why do you even play?You're a fucking joke.Can't even last hit.Keep feeding, noob.Shameful performance from you.",-1  
"I’ve got wards, will place them around Roshan. Let’s farm safely and avoid unnecessary fights. Good job all!",1  
"Lost? ""Go fuck"" yourself"" with that nonsense. Can't ""believe you"" think we're a team, LOL.",-1  
nice hook Pudge!let's go mid and push.they won't expect it.right after this creep wave,1
"great stun, we can kill with this.let's tower dive, they're weak.don't forget to fall back after",1  
"Well played team, let's group up and push. Great job with the wards. Keep it up guys.",1  
"Push the mid lane now, we can take the tower. I have sentries, going to place them near Rosh pit. GG",1  
someone needs to gank mid.you're seriously overextending and throwing.already muted you for being useless,-1  
"If you don't stop feeding, I'm reporting.We literally lost because of your stupidity.Play some bot matches before coming online.",-1  
"""how this"" fight is going well.We need to focus more on objectives.Let's smoke gank top",1  
come on team let's push top.i'll ward the river.try to protect our carry.,1  
"Ultimate is ready. Let's combo after Roshan. I have smoke, let's surprise them.",1  
"ffs, you guys are trash. just pushing lanes without wards is dumb. how do you expect to win?",-1  
Great teamwork guys.Let’s take the Roshan after we defend the top lane.Remember to ward the jungle please.,1  
"gg team, let's take mid next.time to rush Roshan!""easy win guys.",1  
nice racks push there!let’s hold and finish this.game should be ours soon.,1  
"nice stun, Lion.pulling the ancient stack right now.we can win this, believe in ourselves.",1
"let’s keep communication up.but if, I can rotate to mid.we need more vision across the map",1  
nice move top.you guys rock!! let's keep up the pressure mid!,1
"""How this noob got past 1k MMR?""If you go mid, we're done for.",-1  
You ARE SUCH a fucking garbage player. REPORT this idiot. I'm done trying with you guys.,-1  
"""Fuck, I can’t believe you missed that stun.stop wasting your skills on nothing",-1  
"This one's in the bag for sure!Great rotations, keep it up.Thanks for saving me back there.",1  
great teamwork guys.keep up the pressure.are we going for Roshan next?,1  
"""How is this noob still alive?""give me a break.you’re such a troll.just report him.",-1  
Can't believe we're losing this.You're all useless!I can't carry this alone.Stop being noobs!,-1
"awesome combo, let's do it again.need more wards top",1  
"Well played team, let's keep up the pressure. If we group, we can win for sure.",1  
can we contest their jungle?let’s play safe till 20 mins.I'll deward Roshan area,1  
Stop feeding and try not to die so often. How are we supposed to win like this?,-1  
"ward the jungle.if they rush rosh, we need vision.I'll focus on carrying with Luna.",1  
"Why do you always dive like that?Just group up, or we’ll keep losing.No one listens here.",-1  
amazing play guys.i like this game with you all.we can turn this around.let's focus on objectives,1  
"""Fucking noob team! ""Go uninstall. ""You're so bad! I'm reporting all of you! ""What a joke!",-1
"good job with the ult, really turned the fight.thank you for the save there!",1  
"nice gank bottom.if anyone needs help, just ping me.easy game so far",1
"Great teamwork on that last fight! If we hold high ground, we can win this easily",1  
"can we focus mid please.impressive teamwork, guys.keep going for objectives.",1  
"Hey, great teamwork there! Let's rotate top and pressure their tower. Does anyone need a Tango? ",1
"Wow, feeding again I see.Can't you just stop dying already?Noob team, this game is lost.",-1  
gg wp team.let's secure Roshan next time.I'll ward jungle.please buy more smokes ,1  
"ward here. fall back if low. we're doing fine, just play safe for now.",1  
"Let's take Roshan after the next team fight. Solid plays so far, watch for ganks. Nice one, carry!",1  
"If you can't play, just don't queue. Thanks for ruining my game. Unbelievable.",-1  
"I saw that. Great play top. Can we gank mid? We are doing well, keep it up. Nice save, Rubick. Let's push together after Rosh.",1  
I'll ward the river. Let's play safe until late game. You all are doing great,1  
push your lane.stop feeding like a moron.I can't carry you all,-1  
Playing safe makes such a difference.Good job on the last fight.Push mid together.,1  
Why are you always alone? Stick with the team. We need YOU ,-1  
Are you kidding me? Why would you dive like that? You're the reason we're losing,-1  
Can we focus on objectives? Great rotations by everyone. Let's keep this tempo up!,1  
Nice coordination!I think we should focus on objectives now.,1  
"Let’s coordinate our ultimates. We can do this if we stick together, guys.",1  
"You ARE SUCH a waste of space. FUCK this, why even bother? Take mid if you think you're so good.",-1  
amazing coordination team!let's focus on pushing top next.ward by Roshan for vision,1  
"nice block Earthshaker! I’ll cover top lane while you rotate. don't forget wards, they're key.",1  
Really?another stupid move.great to know I'm teamed with complete idiots.reported,-1  
you guys are great. let's take top. ward river please. nice job on that kill,1  
keep feeding and see what happens.they're gonna snowball,-1  
thanks for the save back there!I owe you one.let's go for the tower now,1
get the invis rune.I'll TP mid to help.don’t forget to deward around the river,1  
"Mid needs a ward, please. If we take Roshan, it's an easy win. Let's go team!",1  
"""You're terrible!Why are you even playing this game?""If you would just listen, we could win!",-1  
Can you stop feeding? You're making this game hard.Play like that again and I'll report you.You can't handle this.,-1
"Come on, you noobs, what the hell was that?learn to play or just quit.games like this are why I'm stuck here.relax already, huh?",-1  
I can't believe the lag. Why am I the only one trying to win here?,-1  
Why do you keep blaming others? You're not even trying. Just uninstall already. Fucking useless teammates every game. ,-1
"Wow, I can't even. Why you feeding, bro? Don't you know how to lane? It's like playing with bots sometimes. Fuck this game.",-1
"Fucking useless team.I can't believe we're losing because YOU can't play.Report and uninstall, please.",-1  
please ward the jungle.we can catch them off-guard there and push,1
"Invoker, you're such a noob.Stop feeding and play like you mean it.Come on!",-1  
"Let's rethink our strategy. Group mid and push. Good luck, team!",1  
fucking useless teammates cant win games with you morons.what a waste of time.,-1  
"gg well played team.we should focus on objectives.stay grouped and let's control the runes.also, please ward the jungle",1
We lost mid because of you. Why did you pick that hero? It's so bad. GG.,-1  
"You think you're good? I've seen rocks that play better. Stick to farming creeps, noob.",-1  
come on guys listen.don’t group up like that.you're throwing,-1  
"seriously? you're just ruining the game! I can't believe you'd play like this. report this noob, guys.",-1  
why do I always get feeders?FUCKING learn to play.your positioning is trash,-1
"Amazing coordination, guys.Nice timing on the ult.""Let's try to go for Roshan now.",1
"Let’s focus on farming until mid game and then push as a team. Everyone buy wards, please.",1  
"""Why you keep dying? You're feeding them. Just play safe and stop messing up.",-1  
"GG, you’re all a bunch of clowns ruining the game. I bet you’re all like 1k MMR players. Insane.",-1  
"How did you die? Seriously, stop feeding or we lose.Report this noob, such a bad player.",-1  
"Great call on the Roshan! I didn't see that coming. ""I gotta commend you""",1  
"fucking report this guy.get some kills, you're useless",-1  
"Hey, guys, watch out for smoke gank. I’ll go stack the jungle. If we can stall them, we'll out-carry late game. Good patience, team!",1  
"""If you guys keep farming jungle, we'll never win.those easy kills you missed cost us the game.noob"" incognito",-1  
"Push bot after next wave. We need to secure the tower. Group up, we're doing well team. Keep it up!",1  
"Can you support? We need wards. Great stun back there, saved us big time. Let's win this.",1
Well played team.let’s focus on objectives and not chase too hard.assist me top,1  
great job let's win this together.I'll ward gonna TP bot.pressure high ground dudes,1  
can't believe I got this team.you're all terrible.I'm done with you,-1  
"I can't stand players like you.just report and move on,get better please",-1
I need some help top.don't push without vision.they have wards everywhere,1
"nice gank on top, well played.let's try to push the advantage.we should roshan after a pickoff.want me to buy a smoke?",1  
"""Mid"" is already lost because of you. I want to win, not babysit.",-1  
"Good farming, keep it up. We have map control now. Watch out for ganks. Great teamwork, let's push.",1  
Great teamwork!Let's try this again tomorrow.Good game everyone.,1  
"Nice one team, we've got this. Let's focus on objectives. Can someone ward top? Good luck everyone!",1  
"we have this, guys!just keep defending.wait for Luna’s items, then push.",1  
"I'll ward the river area.If you need mana, let me know. ""Let's focus on objectives and win this!",1
gg everyone well played.next time we can try trilane.learn from this experience,1  
"Great job team, loving the synergy.I can ward the river.Take their jungle after the next fight.Victory in sight!",1  
"You guys are trash. Wow, what a joke! Report this dude, he's throwing on purpose.",-1  
"Why don't you use your skills? Hello? Are you even playing? You cost us the game, idiot.",-1  
easy game guys.good teamwork keep it up.anyone need wards?let’s defend top,1  
"Great teamwork, everybody. Let’s try to smoke gank next. Keep applying pressure!",1  
Report that Void. He's trolling and hasn't bought wards once. So annoying.,-1  
YOU ARE FUCK SUCH NOOB! You can't even last hit properly! Mid is losing cause of you! Report please!,-1  
good teamwork. i like how we rotated. keep it up. we can win this,1  
Great rotation to top lane guys. Make sure to call missing next time. Let's end this!,1  
"If we group up, we can take them.great job on the last fight, guys!keep it up and we win.",1  
"report this guy, he's useless.why are you even playing?",-1
good luck have fun warded rune spots.think we’ve got this,1  
"Focus the supports in the next fight, they're a big problem. Timing on Rosh would be helpful.",1  
"You fucking noob, can't believe you're playing ranked. Next time, stay in your lane. Report.",-1  
"Thanks for the game, folks. Incredible teamwork. Loved the coordination. Let's do this again!",1  
Nice rotation! That was a great call.Let's group up for the final push.Commend the supports for those wards.,1  
"If only you knew how to play, rofl.can't believe we're losing to this trash team.did you just see that move? how bad.",-1
"Push bottom with Luna.we should ward their jungle.if I die, buyback is ready.no worries!",1  
nice try everyone.let's keep pushing top for the win.can someone ward the river?,1  
"""there's lag in the server, anyone else?let's go Roshan after this fight""watch out for smoke gank",1  
you idiots lost us the game. why even play if you can't handle it? go report yourselves.,-1  
"You're actually so terrible, it's like you're throwing.mid is getting wrecked, why is nobody helping?please just uninstall the game already",-1
"well played team!if we stick together, we can snowball.don't forget to buy dust, they're going invisible.",1  
"what the fuck, noob.what are you doing, feeding.first and last game with you",-1
"I want to report this Invoker.Come on, just hit your spells.Pathetic teamwork.",-1  
"What the hell was that? You can't dive under tower like a noob. This game can’t be that hard. Seriously, learn to play, people.",-1  
"you seriously picked carry again?it's your fault we're losing.blame's on you, as usual.",-1
"stop blaming others and check your lane.you’re not the only one here.wow, just play the game.",-1  
"Ffs, fuck Luna's leggings. Always feeding mid! Are you AFK or just bad?",-1  
I can't believe you guys. Feeding their mid like that. This game is shit because of you,-1  
"Your positioning sucks. You keep dying alone, stop feeding and play smart.",-1  
"Luna leggings, like ""my grandmother's curtains.My MMR is dropping because of you.Keep feeding, what a joke",-1  
"You are all such noobs, can't even win a lane. Stop feeding and learn to play.",-1  
"you're so bad, uninstall.why are we losing?",-1  
Could you guys help ward top? We need more map control. Let's coordinate our ults.,1  
"Losing lane because of this useless player. Report, please. So frustrating.",-1  
"When's Rosh up? Let's group bot after. Nice save, Lion. Well played, everyone.",1  
The game’s easy when you listen. Let’s push high ground next,1  
"You're useless. IF YOU CAN'T MID, DON'T PICK MID HERO! Report this noob.",-1  
good communication everyone.stick together for the next fight.waiting on cooldowns.,1  
"""Report Luna"", she's doing nothing, no wards, ""like really?"" Stop feed, Luna",-1  
"that was a good play by you, ryze.let's keep the pressure up.",1  
"Try not to die, okay? Maybe learn how to play next time.",-1  
"i'll take mid.if you need arena, just call.meet after taking tower.",1  
"""why not"" go smoke Roshan?.it's risky but ""I think"" it's worth.try to wait for me before engaging.",1
"""You"" think you're cool, huh? Get good or get out.""you're so bad"".",-1
What the hell are you doing man?Stick together instead of solo.Chat less and play more seriously,-1  
let's secure rosh after this fight.we can take high ground after that.don't forget to deward and smoke up,1
"Come on, stop diving! Play as a team or we lose. What's wrong with you?",-1  
"if we hold off a bit longer, we can win.this is a close match. ",1  
"It's okay, we can still win this guys. Stay positive and focus on objectives.",1  
"Good teamwork, everyone. Let's keep up the wards and stay together. Victory is ours!",1  
Stack the camps during downtime and secure more farm.watch for their rotations and play defensively.good call with the glyph,1  
what are you doing. you're throwing the game. fucking noob,-1  
amazing job supporting there.let’s control the map.deny more creeps,1  
"Stop feeding Pudge or just stick to bot lane.Blame your own terrible plays, not me.Fucking report them noobs.",-1  
What are you doing?This game is over if you keep dying like that!Losing because of you.,-1  
"nice play team.let's focus on objectives.if anyone needs to switch lanes, let me know.",1  
"Mid needs help now. Can we ward the jungle? Nice play last fight, let's push. Great teamwork everyone!",1  
mid is feeding.just stick together.i can’t carry this alone,-1
"OMG, stop feeding already! you just keep dying and it's costing us the game! what a joke.",-1  
YOU ARE SUCH A LOSER.fucking report this guy.didn't play well at all,-1  
"game’s simple, pals; just too bad you can’t grasp it. uninstall",-1  
why can't you guys listen?I said don't engage.terrible game awareness.feeding like a noob every time,-1  
"gg everyone, nice teamwork.Let's push top and win this.Game is looking good!",1
Nice block.pulling the camp at one minute.let’s secure the rune.teamwork OP.,1  
nice hook pudge.let's stack the camps and take roshan.well played team,1  
Would someone please get wards.The team play is a mess right now.This Pudge keeps throwing.You should all uninstall the game,-1  
You seriously think you're good? HA! You're not even trying. Absolute waste of space. Report.,-1  
amazing plays guys especially that last push.I’ll commend the whole team ,1  
The mid tower could fall if we pressure now. Everyone ready to push? We can win this together.,1  
"Great teamwork, everyone! If we keep this up, we can win. Keep the momentum going!",1  
You can't just run in alone like that!We're losing because of you.Why so many deaths?,-1  
Lol easy game.let's wrap this up.let their tower take damage and kill them.ward their jungle to place pressure.I see the courier,1  
I’m just gonna report you for being useless.why even queue if you can’t play?,-1  
"You’re trash, this is a waste of time. Why can’t you just uninstall? So sick of carrying noobs like you.",-1  
I can't believe this feeder is on our team. You're all playing like it's your first game.,-1  
"Nice try team, let's push top together. Ward the river for vision. I believe we can win.",1  
Let's stick together and secure Roshan. Well played team. Need a ward top. Great job everyone,1  
"I'll stack the small camp for you. Make sure to last hit, and let’s pressure their safelane. Keep it up, team, we got this!",1
"Report this Invoker!Fucking useless all game, fed their carry.Stop playing ranked.",-1  
"Fucking noob mid, what did you even pick Invoker for? GG, easy report incoming!",-1  
"""how did I die there?""let's regroup.please cover mid.next fight is ours.",1  
"great warding this game.keep vision up, please.we can still come back",1  
I want to commend that play.well done with the gank.glad you're on my team,1
"""report you"", can't believe this.Noob, ""go back to jungle"" and stay there.Stay out of mid, ""fucking useless""",-1  
"Why don't you heal more? You're useless. I can't carry this alone. Seriously, what are you doing?",-1  
"""If we can gank top, let's win this!"". Ward there already. Nice plays everyone!",1  
Let's push bot after rosh.Looking good guys.Anyone have wards?We can do it easily.Non-toxic game for sure.,1  
"""Yeah, keep blaming guys.You are trash, not me.Mid was supposed to be mine.learn to draft""",-1  
"ugh, why are you all so bad?! can't even win your lane. what a waste of time playing with you noobs!",-1  
"Are you seriously still stuck at 1k MMR with plays like that? Time to uninstall, noob.",-1  
"gg team, amazing fight at rosh.Just need more vision for late game.Let's keep up the pressure",1  
"""Oh wow, amazing job team.""let's go for Roshan while they are dead",1  
"""You're so bad, uninstall the game.Noob support! ""Why didn't you save me? ""We lost because of you.",-1
"If we just control the vision, we can easily win this. Spot on wards placement everyone!",1  
seriously you fucking noobs.need better coordination or gg.already tilted so hard,-1  
"mid is lost, let’s defend base.bottom lane clear.great job team.keep up the good work.",1  
"Thanks for the save back there, almost died in their jungle.Let’s focus on objectives.",1  
Why is this happening every match? Can't you even land a stun? This is your fault we're losing,-1  
"Thank you for saving me! ""How we're dominating! Keep it going, guys! I'll farm my BKB now.",1  
The game was tough but well played everyone.Let's stick together next time.,1  
"great game, team.let's push top now.ward up the river.that fight was awesome.",1
Really? Another death solo mid? Are you blind or what? I can't carry if you don't get your act together. ,-1
my net’s lagging a bit. watch out for mid rotations,1
"""why are you even playing this game, noob""?Your farming sucks.Hope you get reported.",-1  
"Nice start, let's focus on objectives.cool play there, Pudge.keep it up team",1
"If we group, we can win this together! Don't forget to buy wards please. Defend high ground.",1  
Great job with the courier micro. Let's go rosh before next fight.,1  
"you guys really suck.you're feeding them kills.""If i were you, i would uninstall this game.what a joke",-1
Why feed so much? Just uninstall the game already. You're useless in every fight. Report this noob.,-1  
just farm safely and we can win.avoid unnecessary fights,1  
"Try to hit your spells for once.You’re dragging us down, noob.Why don't you uninstall?Ugh.",-1  
"You're all trash, ""I'm uninstalling."" Can't handle such bad players. GG",-1  
someone take care of top lane?I'll assist mid.you guys are doing great.,1  
"Damn it, you noobs are feeding. Can you play any worse? You're the reason we lost.",-1
how are you guys so bad?stop feeding and focus.I'm not playing with you again.,-1  
Why would you buy that item? Can you even read a guide? We are losing because of you.,-1  
"""How are you still 1k MMR? You're so bad it's unbelievable. Stop making stupid plays.""",-1  
"We did it! Good job, everyone! Let's focus on objectives now. Keep the wards up, and be ready to rotate if needed. We can do it!",1
"Losing this because of you"" can't even play your role properly.How can you be this bad?",-1
"You are such a noob, why did you pick Pudge? We need a real support, not this meme hero.",-1  
"Awesome, we held that position super well!Let's keep the pressure.",1  
mid is having trouble.I'll help in a sec.let's gank bot,1  
Can’t believe you picked Pudge again. Stop being a selfish prick. You literally do nothing but feed.,-1  
"Great job everyone.you guys are doing amazing.I've got wards up on the river.""If we push mid, we can win for sure.",1  
"""report noob"" Luna leggings, why die? You want to lose this game. ""fucking rofl.",-1  
"we need to focus on objectives, not kills. I'll go top and help push the tower. can someone help me with wards?",1  
Ha! You call that farming? My grandma plays better. Stay back and watch.,-1  
fucking noobs.report that feeder.pld solo all day and still sucks.can’t carry even if your life depended on it,-1  
"Push top lane, keep the pressure on them. I'll join in after healing. Nice teamwork on that clash",1  
"mid’s all yours.if anyone wants wards, I’ll supply.great stack team. ",1  
"I love the synergy we have, keep it up.The game plan is working guys.Keep pushing lanes",1  
How do you manage to screw up every game I’m with you.gg ruiners.quit dota already.,-1  
nice job on the last hit.don't forget to ward the river.let's take Roshan after this push,1
Good game guys.Defend high ground and we can win.Nice save at the end,1  
"GG everyone, nice match.Jungle is stacked if you want.I'll ward the river.",1  
nice stack top!proceed with ancient creep if clear.I'll handle bot lane.,1
nice tower dive why did you even bother.haha this is so frustrating.,-1  
"I want to see how this ends.loving the teamwork, let's go!",1
"can you guys not suck this much?please uninstall.wow, just wow",-1
"watch out for ganks. I see them rotating top. keep vision up, we're doing good.",1  
"Seriously man, fucking noob. Can't believe you'd dive like that. We're losing because of you. Just stop feeding them. Report this guy.",-1
why do you blame me?it's not my fault.mid fed so hard.i'm done with this team.can't win with these people,-1
"Invoker, stop feeding or I will report you. Can't believe how bad you are. Seriously, improve your game!",-1  
Let's focus on objectives.move as a team and we can do this.keep harassing their Luna in mid.,1  
"Stop feeding and learn how to play, moron. This is why you’re stuck in low MMR. Such a pathetic display of skill.",-1  
Invoker mid is feeding. Can you stop dying there. I swear go play chess instead. You're such a joke.,-1  
"nice deny, looking good so far.guys keep communicating, we got this",1
"OMG, you're all such idiots. Why didn't anyone call missing? GG report all. Devs fix your game.",-1  
how can you die like that.what's the matter with your plays.open your eyes,-1  
"""Hey team, awesome job! Let's group and push mid. Remember to buy wards. Nice ult!"".",1  
you’re seriously trash dude.go uninstall.the game is easy if you stop feeding.want some cheese with that blame?,-1  
YOU ARE SUCH A FUCKING WASTE OF SPACE.uninstall the game already.you’re so fucking bad,-1  
how did you miss that hook are you blind?we should have won by now,-1  
seriously? why are you even in this game.you're so useless it's painful,-1
This teamfight was great.great communication there.Ez game.next time we try a different strat,1  
good luck guys.hope everyone has fun.see you at mid.if you need help call me,1
"If you want to lose, then stick with him. Mid's yours if you would actually learn.",-1  
great job on the kills!let's push bot lane together after we regroup.vision is key against them.,1  
"Report this idiot. I can't carry all of you morons. Mid is feeding nonstop, this is pathetic. Why do I always get the worst teams?",-1
"Well played on that gank. If we continue like this, it's an easy game. Good times",1  
nice play guys.let’s push bottom after we respawn.well played,1  
"Seriously, you call that playing? GG brainless team. Can't even hold your lane properly",-1  
"why you die so much.noob, you're so bad.get out of my lane, idiot",-1  
"Stop feeding the enemy.""Please play safer and listen to calls.""",-1  
"Great teamwork guys, let's keep our focus.Nice last hit on that tower.Could someone cover bottom lane please?",1  
"we need wards mid.if I die, blame it on me.let's see if we can ""come back"".",1
Who's missing from mid? Stay careful guys. I'll gank bot after I get my ult.,1  
"See you guys at mid.If we can take down their tower, we have this game.My wards are on cooldown, careful.",1  
Why so toxic? Focus on objectives instead of blaming. We can still win this. Just try!,1  
"We need more wards, already lost vision.Top lane needs backup, who's coming?Careful mid, they're missing.",1  
"Nice save there. That was epic. Keep it up, guys. We can turn this around easily",1  
you guys are so bad.i can't win with idiots on my team.,-1  
"If everyone can group up, we push. Great defense last fight. Keep it tight!",1  
"You call that a play? Learn to lane, I'm done with this. Unbelievable how bad you are.",-1  
"Nice attempt at a gank, but you're just awful.seriously learn to play your character.you're so bad",-1  
harass mid when you can. we're doing well. let's focus the carry,1  
Nice teamwork everyone. Let’s defend our base. We can still win this.,1  
you're such a noob.fucking report this guy afk,-1  
are you kidding me? stop blaming me for your bad plays. it's not my fault you can't farm. just give up,-1  
nice one! we can probably take Roshan if we go now.keep an eye on the bottom lane,1  
Noob take Invoker! Why can't you just farm properly? Another loss because of you. GG.,-1  
"stop blaming everyone, just focus.y'all did well pushing there.we got this ""in the bag"".",1
you always fuck up the lane.what are you even doing here?can't wait to report this noob,-1  
"Are you even trying? ""you're just feeding and noob"".Can't play like that.",-1
if we gank mid I think we can turn the game around.stack easy camps if you can,1
"Ward the top, please. I'll cover the bottom. If they push, I'll TP back. Careful, they are missing.",1  
Can you just play better? Uninstall please.You cost us the game again.,-1  
can't last hit to save your life. you're trash at this game. report noob.,-1  
"let's back off and reset.no need to rush, farm jungle.don’t forget to stack camps for our carry",1  
Great teamwork everyone! Keep it up. I think we can push mid. Don’t forget wards.,1  
"I can't believe we landed that combo. Sick moves, guys. Keep the pressure on and don't let up.",1  
"I got wards coming, stay safe until then. We can win the next fight for sure",1  
"Mid needs help, I just placed a ward there. Let's take Rosh after next fight.",1  
what a mess.play like you got no brain stop feeding and just uninstall.,-1  
"gg! close match, we almost had them.next time, try controlling your lane better",1  
"Nice work team, let's keep up the pressure.If we ward top, we can secure more kills.Play safe during their ultimates.",1  
"""report this noob"" all chat, cause he's useless and feeding.I can't carry this alone",-1  
"Great teamwork, let's do the same next round.Protect our base now.",1  
Great split push guys.We’re gaining a lot of map control.Don’t forget to deward.,1  
"Thanks for saving me. If you can ward the jungle, we can make better plays. Good teamwork, guys.",1  
"Stop flaming and focus please! Let's stack camps. We can make a comeback, team!",1  
Why do I always get stuck with idiots? This team is such trash. Report the bot lane.,-1  
you're all trash. learn how to play the game. I can't carry this team alone. so frustrating with you all,-1  
Well played everyone.didn't expect that turn around.let's keep the pressure on mid,1  
"I hope we can stack later this week guys, really enjoyed playing with all of you.",1  
how did you miss that stun?you need more practice man.such a drag,-1
Excellent job pushing mid. Let's go Rosh after this wave.,1  
"Solid plays all around, keep it up.""If we can push high ground now, we win.Play safe and watch your positions.",1  
"""How did you miss that stun? You must be blind.Report this guy, he's throwing the game.What's your MMR? 1k?""",-1
Nice teamwork.defend high ground until we are all up again.great rotations by our supports.,1  
"I'll gank mid now, get ready please. back up, they're rotating. let's take their bottom tower. fantastic job team",1  
You’re such a coward hiding in the base.Just stop playing ranked.no one wants you.,-1  
"This game is a disaster. You're all terrible. Can't believe how bad you guys are. Try cooperating next time, if you even know what that means.",-1  
"Too bad ""I"" can't really do all that alone. Are everyone really that bad here? Push and win, what a joke!",-1  
"nice call for Roshan, we secured it easily. let's position for a high ground push. remember to save buyback.",1  
"Good job, team. That's how we do it! Let's take the tower after this. Keep it up!",1
"can you stop feeding already?we're losing because of you.wow, great job noob''.learn to play",-1  
"We lost because of you.Really, get some skills.This is so frustrating.Stop dying solo.",-1  
what the hell were you thinking? you're such a noob. can't believe you're still 1k. just uninstall the game.,-1  
"nice plays everyone.feel like we’re really in sync today.we can take mid when they respawn.alright, who's ready to push?wards up soon",1  
keep the pressure in mid.let's stick together and win this,1
nice save with the Eul's.careful top is missing I think.enjoying this match,1  
"Report this noob already, can't even land a stun! You're all useless this game!",-1  
fucking noob!can't believe we're losing to these guys.get some wards now,-1  
Let's group up for a smoke gank after this. Watch out for Invoker rotations. Keep up the good work.,1  
"Nice assist back there, let's set up for the next push. Keeping vision near Rosh, stay safe",1  
great job on that last fight let’s push the advantage.keep it up!,1
seriously stop wandering off.stick with the team or we're done,-1  
"You’re fucking useless, report noob, we lost because of you. Are you blind or what?",-1  
nice hooks Pudge.you're doing awesome keep it up.rosh soon?I think they've warded top jungle.careful there.great stack dude,1  
"Come on guys, focus! We can't lose to these noobs. Step up your game already. What are you doing?!",-1  
Nice play! Let's push top now. Don't forget to ward jungle. Great teamwork folks. We can win this.,1  
"""Chill team, game isn't over yet. Look top, we need more wards around. Good luck!""",1  
"wtf are you doing, man?we needed you in fights.you throw this game so hard.",-1
"you're all fucking clueless.this is why I never solo queue.seriously, do you even have a brain?",-1  
"""Yeah, let's"" go for rosh after this push.Watch for wards, we need them cleared out.Stick together",1  
"""how did you die there?""This game is too easy.play better or just quit.""You're such a noob.",-1  
"The team communication sucks. Maybe if you used your skills, we'd win fights.",-1
"If we take next Roshan, we could push high ground easily. Watch out for ganks and stick together. Good luck!",1  
fucking report this idiot.just feed them some more why don't you,-1  
"If you're going to blame others, at least try not to feed. You're costing us the game, noob.",-1  
"Great job with the wards, Luna.everyone group up after this wave.let's hold mid until we get our ults ready",1
nice assist on that gank.keep map control and we should be fine.,1  
great teamwork guys.let's try to push top together.need wards at river,1
Good call on the tower dive.it's working out well.just need to keep them off balance,1  
"let’s regroup for a push.shall we ward high ground.you play really well, Luna.",1  
"You're doing great, ""let's"" group mid after this wave.We can win this, stay positive.Nice rotations everyone",1  
why don't you use your ult? already 20 mins and no impact. can't stand you being so fucking useless,-1  
"Nice play team, let’s push mid. Watch out for Luna top. Great tp, save me there",1  
"Nice ward placements. If we group, they can't kill us all. Protect our carry!",1  
"lol, you call that playing?seriously, uninstall and never return!",-1
"""fuck, we should have won that.better luck next time.I need to farm mid.",-1  
"great, perfect smoke gank guys. they didn't see it coming. let's pressure top lane next. sending courier for wards",1  
"Great rotation mid, we can take tower now.stick together and we win.invis rune top",1  
"""how can you be so bad?stop feeding.forget it.I'll handle mid myself",-1  
"If you're going mid, stop dying. Protect the tower. Really fun game guys.",1  
"Well played, everyone. That was fun! Let's queue again. Ready for another game?",1  
"Rofl, such a fun match! Remember to ward. I'll try to pull their creep aggro to our side. GG, keep it up.",1  
The PA is useless this match.How are you even Divine 5 with plays like that.You’re just dragging us down,-1  
Nice comeback team. Solid team fights. Let's go for Roshan and finish this!,1  
"If we group up, we can win.let's push mid now.I will cover bottom lane who goes top",1  
"get lost, noob.why are you even here?can't stand these 1k players.",-1
Let's defend high ground until we get our ultimates. Then we can do a counter push. Keep it up!,1  
Why do I have to carry this game every time? Mid would win if YOU weren’t useless. The map is free for them.,-1  
"Wow, stop diving alone! Then you blame me? Get some braincells before queuing ranked, seriously. ",-1
please stick together and watch out for ganks.let's take the next Roshan.,1  
"Why did you go in alone?Ever heard of teamwork, or is it just me?""how are we supposed to win with you?",-1  
can we have some wards please?I can't see a thing in the jungle this is dangerous,1
This game is too easy. You guys are just bad players.,-1  
would you please stop dying?I want to win this but you're making it impossible.you call this support?,-1  
"""Why you die?"", can't last hit? REPORT THIS TROLL! You're making us lose!",-1  
Did you see that epic lift?let’s group and pressure top tower.this game is so much fun.,1  
great stun there! now let's push hard and end this fast. awesome teamwork everyone!,1  
"Stop stealing my farm, it's annoying.Why are you even playing this game?You're making us lose on purpose, right?",-1  
"Hey team, let's go for Roshan. Watch out top, missing heroes. Nice work! We can win this.",1  
"""Would love to see better supports.""""Why can't you guys buy wards?""",-1  
"Fantastic synergy, folks.that clutch save was awesome.now let's seal the victory",1
"Team, let’s rotate and secure Roshan. If we can combo our ults, we can win.",1  
nice gank team.let's keep it up.stay back and farm if needed.save your TP,1  
"there's no way we need wards, Pudge, wake up.how fucking dumb are you guys?",-1  
"GG easy game, noob team. Wasting my time with these idiots. Learn to play.",-1  
"Good move with the warding! I’ll go top for a bit. Let’s stay positive, team!",1  
why even bother playing ranked if you’re this bad. stay low-tier forever,-1  
"Let's stick together and push mid.Supports, please ward the jungle.Good job on that last gank.",1
"The message of the game: ""If you don't play, you can't win.""Let's implement that.",-1  
"""If you"" delay the game more, I'll rage.Quit feeding, it's pathetic.Go play bots, ""fucking noob""'",-1  
"try harder next time.what's wrong with you guys.I can't do this.""",-1  
"if I see another missed stun I'm done just uninstall, dude",-1
"Wow, you saved me again! Love this game with you. Let's push mid now.",1  
Why are you always feeding?learn to lasthit.stop blaming others for your mistakes.fucking noob,-1  
nice wards there.try to keep vision up.think we can take mid tower soon.,1  
stick together and push mid.we've got this!watch out for ganks,1  
"Nice team coordination, good luck all. Let’s group up and defend high ground. Roshan might be up soon, someone ward?",1  
"""I can't believe you missed that stun.are you even trying?""get it together!",-1  
"GG you're all useless, seriously. This team is just painful to watch. Uninstall, please!",-1  
"We did great in that last fight, let's push for the win now.Positive vibes, let's keep communicating!Careful of their Roshan attempt.",1  
"""GG"" everyone, let's keep it up! We can win this if we push. Ward the jungle please. Nice save!",1  
"stop feeding.like seriously, you're ruining this.maybe try grouping up",-1
"Stop feeding them and learn how to press buttons. Why am I even playing with you idiots? Reported for trolling, just uninstall, please.",-1  
"I can't believe we lost that fight.""If you would just listen.""This is why mid always sucks.",-1  
"stop chasing for kills, push the tower instead.it's not hard to understand.why are you so bad?",-1  
"Amazing teamplay everyone. If you need help, just call me. Let's take the next tower together.",1  
let's get Roshan.if we play smart we can win,1  
"If we take Roshan, we’ll win.stick together.no more solo.My blink is ready.let’s go!",1  
Nice teamwork! Keep pushing the top lane. I'll ward the jungle. We got this!,1  
"""Why are you so bad?learn to last hit.stop blaming others and play better",-1  
"Gotta hand it to you guys, we turned it around!Well done with the defense.",1  
"If we focus Roshan now, we can turn this.let's keep vision on their jungle.",1  
god this team is so bad.you guys don't know how to play DOTA 2.stop feeding enemy carry and just uninstall already,-1  
"I love this team.the synergy is amazing.keep up the good work.""We can still win this!",1  
"We're wasting time here. You, stop diving under their tower, it's stupid! I can't carry you all if you're throwing like this. Get it together, already.",-1  
We did great in early game. Group up and focus their carry. Watch for ganks,1  
wtf was that dive?you made us lose the game.you deserve low priority for this crap,-1  
Can you please stop running in alone? We're losing because you never listen.,-1  
"Support, help carry more.please use abilities wisely.better times next match",1  
"""how'd you miss that kill?I swear I'm playing with bots today",-1  
"If we group up mid, we can push together. Watch out for their carry, though. GG so far!",1  
why you gotta feed like that?fucking useless.stop whining and play.real teammates don't ragequit,-1  
Why can't we win a single lane noobs.this team is a joke.gg go end mid this is pointless.,-1  
"""Nice play! If we work on our timing, we can take Rosh easily."". Let's go get it now!",1  
"Seriously, guys? I'm playing with bots! You all are such noobs, it's painful. Stop farming jungle and help, damn it!",-1  
"i can’t believe this.why you noob.can you even play?such a waste of time.""you're nothing just trash",fucking- -1
I can't believe you missed that stun. What are you even doing?,-1  
"""you"" can't even land an ult.fucking terrible team.",-1  
"Great gank bottom! Let's keep up the pressure. Focus towers, we can turn this around. Good hustle, team!",1  
Mid is losing. How are you guys so bad? Fucking noob can't even last hit. Report you later,-1  
"We need more wards on the map. Let's group top. Their carry is farmed, be careful. Try to bait spells.",1  
what the hell are you doing?always feeding and losing.learn to play.,-1  
Never seen such terrible teamwork. You're all just feeding mid. Why even play if you're not trying? ,-1
"Well played, everyone. We’ve got this if we keep pressure on lanes. Don’t forget to deward the jungle area.",1  
"We're doing great, let's keep it up. Someone ward please. Well played, you got this!",1  
"Good job holding the lane, let's ward high ground. Almost there, guys. Keep it up.",1  
best kill steal ever!you're amazing man.keep it up team,1
"Well played, guys! If we stay together, we can win. Remember to call missing on your lane!",1  
you're a joke.can't believe I get teamed with players like you.just uninstall.,-1  
"Dude, you're trash. Stop feeding. Fucking report this scrub. Why are you even playing? GG, noob.",-1  
gg everyone nicely played.I will buy wards.we take Roshan next time.let's stick together,1  
"great teamwork guys, keep it up. let's take Roshan next. anyone has wards?. careful, they're missing! let's stick together",1  
YOU ARE SUCH A JOKE.could you be more useless.seriously get a clue,-1  
"gg easy, noobs.your Luna is trash.""report you"" after this.can't carry this shit team.",-1
are you kidding me?you guys are so bad.you can't even last hit properly.report this troll for feeding.omg you noobs,-1
"""Why blame me when you all fed.use your brain.next time draft better heroes.""",-1  
mid is always losing.why do I get these bad players?I'm just done.good luck next game,-1  
let's focus on teamfights and push mid after Roshan.good job warding.I'll support you guys.,1  
"Wow you're so bad just uninstall already.I can’t believe you died again, noob.",-1  
"""If we group up, they can't handle us.watch out for the smoke rotation.bottom is missing",1  
pushing bottom with a smoke.can someone tp top for defense?.nice job staying alive there.,1
"you’re all so useless, just uninstall the game already. can’t carry noobs",-1  
"Stop calling shots, you’re terrible. Can’t you see the map? Freaking noob",-1  
"""You can't do anything right.just uninstall""",-1  
"Why is Pudge always out of position? This is why you're 1k. Seriously, fuck this game.",-1  
"""Easy game, let's push top and end this. Nicely played, team. I'll ward the map.",1  
Please go farm in the jungle.No point in laning now.Let's group for push in 5 min.,1
"Thanks for the save Axe! Keep it up. Amazing rotations, everyone. ""Let's win!""",1  
Are you even trying? You're all such noobs. This game is a waste of time.,-1  
nice block on creeps.we have the momentum.let’s push top for tier 2.avoid unnecessary fights,1  
what's wrong with you guys.stop feeding and play safe.i'm seriously losing it here,-1  
"Why do I always get these moron teammates? ""How can you not deny a creep?""",-1  
"""you lost us the game.no teamwork at all.are you even trying?""If i were you, i'd go bot",-1
Nice save with the courier. Let's try to smoke gank after I respawn,1  
"Mid needs help, why is nobody rotating?How the hell do you feed so much?You guys are freaking awful.",-1  
Great job team. Let's focus on objectives and take the middle tower. Remember to ward please.,1  
OMG stop feeding!Why are you mid?You’re actually the worst player.The game is over.,-1  
"wow, what a noob move.can't believe you feed like that""you're such a burden on this team",-1  
Well played team. Let's take Roshan after the next push. You all rock!,1  
Blame the Invoker for this mess.Stop farming and support.I can't carry these noobs alone.,-1  
nice!let's go for Roshan while they’re down.don't forget aegis on Luna,1  
apologies for the late start.will play safe and catch up quickly,1  
you're literally the worse.who even plays like that?you’ve got to be kidding me. ,-1  
Well played on that defense.Shall we smoke and gank?I'll TP top to defend.,1
"Great game, that was intense. Stunning plays all around. Ready for another match after this?",1  
"Great teamwork, everyone! Let's push down mid after this wave. Remember to ward river. We can win this if we stick together.",1
keep pressure on their safe lane.I'll support top.careful for their ganks!nice work with wards,1  
"What are you doing? Stop diving! Learn to play, or go uninstall. Ugh, such a mess",-1  
nice work on the last push.keep it up!let's take Roshan.we got this team,1  
"Seriously, why did you pick that hero? You're making us lose! Get it together!",-1  
"Can't you see he's ganking? Pay attention and stop being so useless, you're all trash.",-1  
"Hey, mid needs more wards.When can we push the top lane?Good luck!",1  
"Why are you standing there, doing nothing? Are you even playing? Useless! Stop feeding and go farm! Seriously, how are you so bad? I'm reporting you.",-1  
"gg, nice game. Let's push mid now. Warding river would be great. Good job everyone!",1  
"nice tower defense!keep up the good work, team.don’t forget to farm safely.warding their jungle now",1  
"""Good job with the smokes, let's keep rotating.""If we keep pressure, we have this in the bag.Teamwork makes the dream work!",1
you keep dying because you're bad.just stop playing please,-1  
"Wow, you really don't know how to play a support, huh? Stop feeding. You're useless there.",-1  
"careful top, there’s a missing hero. anyone need wards? ",1  
Can we focus on defending our tower first.Thank you for the heal.I really appreciate the help guys.Great job everyone,1  
Stay close to keep our positioning strong. We can bait them into a bad fight. I'll hex the carry in the next engagement. Let's finish this cleanly.,1  
"The message is clear.would report again.if Toxic, then report.shocked how bad you are.",-1  
stop blaming me for your mistakes.you're all wasting time chatting like kids.you can't even win your lane,-1
"Good luck have fun everyone. Remember to ward jungle, they have vision",1  
"Don’t forget to farm the jungle safely. I’ll stack the camp for you. Good luck, have fun",1  
"""I can't believe we lost that.""You guys are the worst team ever!""",-1  
"mid needs help.go stop feeding.noob, you're throwing our game",-1  
"Careful top lane, they’re missing from mid. I’ll help you guys there in a sec!",1  
